<?xml version="1.0" standalone="no"?>
<manifest identifier="_67KjjX3ws3P_course_id" version="1.3" xmlns="http://www.imsglobal.org/xsd/imscp_v1p1" xmlns:adlcp="http://www.adlnet.org/xsd/adlcp_v1p3" xmlns:adlseq="http://www.adlnet.org/xsd/adlseq_v1p3" xmlns:adlnav="http://www.adlnet.org/xsd/adlnav_v1p3" xmlns:imsss="http://www.imsglobal.org/xsd/imsss" xmlns:xsi="http://www.w3.org/2001/XMLSchema-instance" xmlns:lom="http://ltsc.ieee.org/xsd/LOM" xsi:schemaLocation="http://www.imsglobal.org/xsd/imscp_v1p1 imscp_v1p1.xsd&#xA;                              http://www.adlnet.org/xsd/adlcp_v1p3 adlcp_v1p3.xsd&#xA;                              http://www.adlnet.org/xsd/adlseq_v1p3 adlseq_v1p3.xsd&#xA;                              http://www.adlnet.org/xsd/adlnav_v1p3 adlnav_v1p3.xsd&#xA;							  http://www.imsglobal.org/xsd/imsss imsss_v1p0.xsd&#xA;							  http://ltsc.ieee.org/xsd/LOM lom.xsd">
  <metadata>
    <schema>ADL SCORM</schema>
    <schemaversion>2004 4th Edition</schemaversion>
    <adlcp:location>metadata.xml</adlcp:location>
  </metadata>
  <organizations default="Anatomy_of_Citations_-_APA_Style_ORG">
    <organization identifier="Anatomy_of_Citations_-_APA_Style_ORG" adlseq:objectivesGlobalToSystem="false">
      <title>Anatomy of Citations - APA Style</title>
      <item identifier="Anatomy_of_Citations_SCO" identifierref="__67KjjX3ws3P_course_id_RES" isvisible="true">
        <title>Anatomy of Citations - APA Style</title>
        <imsss:sequencing>
          <imsss:deliveryControls tracked="true" completionSetByContent="true" objectiveSetByContent="true" />
        </imsss:sequencing>
      </item>
      <metadata>
        <adlcp:location>metadata.xml</adlcp:location>
      </metadata>
      <imsss:sequencing>
        <imsss:controlMode choice="true" flow="true" />
      </imsss:sequencing>
    </organization>
  </organizations>
  <resources>
    <resource identifier="__67KjjX3ws3P_course_id_RES" type="webcontent" adlcp:scormType="sco" href="index_lms.html">
      <file href="story_content/thumbnail.jpg" />
      <file href="mobile/6I3VnEfThPc_DX1000_DY1000_CX349_CY500.jpg" />
      <file href="mobile/6cxjWLUnEwf_DX240_DY240_CX120_CY120.png" />
      <file href="mobile/6BdoN5xZKeb_DX1340_DY1340_CX564_CY767.png" />
      <file href="mobile/5mDTxvEEVyq_DX1920_DY1920_CX961_CY1068.png" />
      <file href="mobile/6oPx5cQYcyo_DX260_DY260_CX130_CY121.jpg" />
      <file href="mobile/5b6zsubj7qu_DX1200_DY1200_CX600_CY300.png" />
      <file href="mobile/5jAHCXo5iaJ_DX764_DY764_CX314_CY382.png" />
      <file href="mobile/6MUbGmpXvYu_DX1028_DY1028_CX514_CY257.png" />
      <file href="mobile/6jBtfgBu2gP_DX1200_DY1200_CX600_CY300.png" />
      <file href="mobile/5np4TLqLOXX_DX1030_DY1030_CX515_CY259.png" />
      <file href="mobile/6jyLuUtD6RJ_DX1200_DY1200_CX600_CY300.png" />
      <file href="mobile/5c60U6wgRED_DX1030_DY1030_CX515_CY256.png" />
      <file href="mobile/6TCsuV3Q1UP_DX1200_DY1200_CX600_CY300.png" />
      <file href="mobile/5VERhbacs7Z_DX1022_DY1022_CX511_CY257.png" />
      <file href="mobile/6W3CqpTLoug_DX1200_DY1200_CX600_CY300.png" />
      <file href="mobile/6QMQTiouETh_DX1030_DY1030_CX515_CY256.png" />
      <file href="mobile/6HjrEPI7UHD_DX1200_DY1200_CX600_CY300.png" />
      <file href="mobile/6ZP7d1rxfyq_DX1034_DY1034_CX517_CY260.png" />
      <file href="mobile/6b9AczNYVMW_DX1200_DY1200_CX600_CY300.png" />
      <file href="mobile/5jWciy4Phfy_DX1032_DY1032_CX516_CY258.png" />
      <file href="mobile/5XGO7maG1kO_DX1200_DY1200_CX600_CY300.png" />
      <file href="mobile/6bJxk3tf6wr_DX1034_DY1034_CX517_CY260.png" />
      <file href="mobile/6cxjWLUnEwf_DX270_DY270_CX135_CY120.png" />
      <file href="mobile/6WgEF0BXMqj6fipCtdpC8J{Width=668, Height=376}Light_DX1336_DY1336_CX668_CY376.jpg" />
      <file href="mobile/5Y3Jf0SSs9a5wdzVCkfSzo{Width=668, Height=376}Light_DX1336_DY1336_CX668_CY376.jpg" />
      <file href="mobile/69IfJFiwfLT5xeFLkzgtIw{Width=668, Height=376}Light_DX1336_DY1336_CX668_CY376.jpg" />
      <file href="meta.xml" />
      <file href="story_content/frame.json" />
      <file href="story_content/user.js" />
      <file href="mobile/Slide5bAISzMdeiZ.jpg" />
      <file href="mobile/Slide60knPmpyCrs.jpg" />
      <file href="mobile/Slide5fz0QGfjO2F.jpg" />
      <file href="mobile/txt__default_65eqpS8ToGC.png" />
      <file href="mobile/txt__default_Drop Incorrect_65eqpS8ToGC.png" />
      <file href="mobile/txt__default_Drop Correct_65eqpS8ToGC.png" />
      <file href="mobile/txt__default_6P1geVF69s2.png" />
      <file href="mobile/txt__default_Drop Incorrect_6P1geVF69s2.png" />
      <file href="mobile/txt__default_Drop Correct_6P1geVF69s2.png" />
      <file href="mobile/txt__default_6C799Moh7zg.png" />
      <file href="mobile/txt__default_Drop Incorrect_6C799Moh7zg.png" />
      <file href="mobile/txt__default_Drop Correct_6C799Moh7zg.png" />
      <file href="mobile/txt__default_68MGDtvloEV.png" />
      <file href="mobile/txt__default_Drop Incorrect_68MGDtvloEV.png" />
      <file href="mobile/txt__default_Drop Correct_68MGDtvloEV.png" />
      <file href="mobile/txt__default_5h9U4iUENzB.png" />
      <file href="mobile/txt__default_Drop Incorrect_5h9U4iUENzB.png" />
      <file href="mobile/txt__default_Drop Correct_5h9U4iUENzB.png" />
      <file href="mobile/txt__default_6hF6xwBdV6K.png" />
      <file href="mobile/txt__default_Drop Incorrect_6hF6xwBdV6K.png" />
      <file href="mobile/txt__default_Drop Correct_6hF6xwBdV6K.png" />
      <file href="mobile/txt__default_6hmxXgKh3c7.png" />
      <file href="mobile/txt__default_Drop Incorrect_6hmxXgKh3c7.png" />
      <file href="mobile/txt__default_Drop Correct_6hmxXgKh3c7.png" />
      <file href="mobile/txt__default_5uV51EMB890.png" />
      <file href="mobile/txt__default_Drop Incorrect_5uV51EMB890.png" />
      <file href="mobile/txt__default_Drop Correct_5uV51EMB890.png" />
      <file href="mobile/txt__default_60C6pKBRKDC.png" />
      <file href="mobile/txt__default_Drop Incorrect_60C6pKBRKDC.png" />
      <file href="mobile/txt__default_Drop Correct_60C6pKBRKDC.png" />
      <file href="mobile/txt__default_5yidb98XeAR.png" />
      <file href="mobile/txt__default_Drop Incorrect_5yidb98XeAR.png" />
      <file href="mobile/txt__default_Drop Correct_5yidb98XeAR.png" />
      <file href="mobile/txt__default_644O7zKAikE.png" />
      <file href="mobile/txt__default_Drop Incorrect_644O7zKAikE.png" />
      <file href="mobile/txt__default_Drop Correct_644O7zKAikE.png" />
      <file href="mobile/txt__default_5lLcZXvlUZv.png" />
      <file href="mobile/txt__default_Drop Incorrect_5lLcZXvlUZv.png" />
      <file href="mobile/txt__default_Drop Correct_5lLcZXvlUZv.png" />
      <file href="mobile/txt__default_6EmUSYAJDX9.png" />
      <file href="mobile/txt__default_Drop Incorrect_6EmUSYAJDX9.png" />
      <file href="mobile/txt__default_Drop Correct_6EmUSYAJDX9.png" />
      <file href="mobile/txt__default_5mXfcEsveNe.png" />
      <file href="mobile/txt__default_Drop Incorrect_5mXfcEsveNe.png" />
      <file href="mobile/txt__default_Drop Correct_5mXfcEsveNe.png" />
      <file href="mobile/txt__default_67wQh4FNMPY.png" />
      <file href="mobile/txt__default_Drop Incorrect_67wQh4FNMPY.png" />
      <file href="mobile/txt__default_Drop Correct_67wQh4FNMPY.png" />
      <file href="mobile/txt__default_6kzHZYD41d4.png" />
      <file href="mobile/txt__default_Drop Incorrect_6kzHZYD41d4.png" />
      <file href="mobile/txt__default_Drop Correct_6kzHZYD41d4.png" />
      <file href="mobile/txt__default_6mnekgCrCMi.png" />
      <file href="mobile/txt__default_Drop Incorrect_6mnekgCrCMi.png" />
      <file href="mobile/txt__default_Drop Correct_6mnekgCrCMi.png" />
      <file href="mobile/txt__default_5wailk5FVaM.png" />
      <file href="mobile/txt__default_Drop Incorrect_5wailk5FVaM.png" />
      <file href="mobile/txt__default_Drop Correct_5wailk5FVaM.png" />
      <file href="mobile/txt__default_5VHnOB4QktD.png" />
      <file href="mobile/txt__default_Drop Incorrect_5VHnOB4QktD.png" />
      <file href="mobile/txt__default_Drop Correct_5VHnOB4QktD.png" />
      <file href="mobile/txt__default_68fHzZ3eYtw.png" />
      <file href="mobile/txt__default_Drop Incorrect_68fHzZ3eYtw.png" />
      <file href="mobile/txt__default_Drop Correct_68fHzZ3eYtw.png" />
      <file href="mobile/txt__default_69Rk6VPMqOo.png" />
      <file href="mobile/txt__default_Drop Incorrect_69Rk6VPMqOo.png" />
      <file href="mobile/txt__default_Drop Correct_69Rk6VPMqOo.png" />
      <file href="mobile/txt__default_6d21lSemIJ4.png" />
      <file href="mobile/txt__default_Drop Incorrect_6d21lSemIJ4.png" />
      <file href="mobile/txt__default_Drop Correct_6d21lSemIJ4.png" />
      <file href="mobile/txt__default_6gd7I4bhUH1.png" />
      <file href="mobile/txt__default_Drop Incorrect_6gd7I4bhUH1.png" />
      <file href="mobile/txt__default_Drop Correct_6gd7I4bhUH1.png" />
      <file href="mobile/txt__default_5yxulDVtig8.png" />
      <file href="mobile/txt__default_Drop Incorrect_5yxulDVtig8.png" />
      <file href="mobile/txt__default_Drop Correct_5yxulDVtig8.png" />
      <file href="mobile/txt__default_6jFI48zCsKr.png" />
      <file href="mobile/txt__default_Drop Incorrect_6jFI48zCsKr.png" />
      <file href="mobile/txt__default_Drop Correct_6jFI48zCsKr.png" />
      <file href="mobile/txt__default_5lcvK98FxPP.png" />
      <file href="mobile/txt__default_Drop Incorrect_5lcvK98FxPP.png" />
      <file href="mobile/txt__default_Drop Correct_5lcvK98FxPP.png" />
      <file href="mobile/txt__default_6ntcNfJ4pNO.png" />
      <file href="mobile/txt__default_Drop Incorrect_6ntcNfJ4pNO.png" />
      <file href="mobile/txt__default_Drop Correct_6ntcNfJ4pNO.png" />
      <file href="mobile/txt__default_6lJ6iNfQ9H5.png" />
      <file href="mobile/txt__default_Drop Incorrect_6lJ6iNfQ9H5.png" />
      <file href="mobile/txt__default_Drop Correct_6lJ6iNfQ9H5.png" />
      <file href="mobile/txt__default_623B3ExXBHZ.png" />
      <file href="mobile/txt__default_Drop Incorrect_623B3ExXBHZ.png" />
      <file href="mobile/txt__default_Drop Correct_623B3ExXBHZ.png" />
      <file href="mobile/txt__default_62Vq1ojaNct.png" />
      <file href="mobile/txt__default_Drop Incorrect_62Vq1ojaNct.png" />
      <file href="mobile/txt__default_Drop Correct_62Vq1ojaNct.png" />
      <file href="mobile/txt__default_63d5W43GcOR.png" />
      <file href="mobile/txt__default_Drop Incorrect_63d5W43GcOR.png" />
      <file href="mobile/txt__default_Drop Correct_63d5W43GcOR.png" />
      <file href="mobile/txt__default_6SA5U0dpMGj.png" />
      <file href="mobile/txt__default_Drop Incorrect_6SA5U0dpMGj.png" />
      <file href="mobile/txt__default_Drop Correct_6SA5U0dpMGj.png" />
      <file href="mobile/txt__default_6TNQkpOibai.png" />
      <file href="mobile/txt__default_Drop Incorrect_6TNQkpOibai.png" />
      <file href="mobile/txt__default_Drop Correct_6TNQkpOibai.png" />
      <file href="mobile/txt__default_6Y0qN5Ye7Sr.png" />
      <file href="mobile/txt__default_Drop Incorrect_6Y0qN5Ye7Sr.png" />
      <file href="mobile/txt__default_Drop Correct_6Y0qN5Ye7Sr.png" />
      <file href="mobile/txt__default_6pjgA9uV9md.png" />
      <file href="mobile/txt__default_Drop Incorrect_6pjgA9uV9md.png" />
      <file href="mobile/txt__default_Drop Correct_6pjgA9uV9md.png" />
      <file href="mobile/txt__default_6r13H0Dlqi2.png" />
      <file href="mobile/txt__default_Drop Incorrect_6r13H0Dlqi2.png" />
      <file href="mobile/txt__default_Drop Correct_6r13H0Dlqi2.png" />
      <file href="mobile/txt__default_5wswpsozAob.png" />
      <file href="mobile/txt__default_Drop Incorrect_5wswpsozAob.png" />
      <file href="mobile/txt__default_Drop Correct_5wswpsozAob.png" />
      <file href="mobile/txt__default_6N6NHckHnm6.png" />
      <file href="mobile/txt__default_Drop Incorrect_6N6NHckHnm6.png" />
      <file href="mobile/txt__default_Drop Correct_6N6NHckHnm6.png" />
      <file href="mobile/txt__default_6NNkUzoCL0v.png" />
      <file href="mobile/txt__default_Drop Incorrect_6NNkUzoCL0v.png" />
      <file href="mobile/txt__default_Drop Correct_6NNkUzoCL0v.png" />
      <file href="mobile/txt__default_6EC8vTZkh9J.png" />
      <file href="mobile/txt__default_Drop Incorrect_6EC8vTZkh9J.png" />
      <file href="mobile/txt__default_Drop Correct_6EC8vTZkh9J.png" />
      <file href="mobile/txt__default_64HbNIFgko6.png" />
      <file href="mobile/txt__default_Drop Incorrect_64HbNIFgko6.png" />
      <file href="mobile/txt__default_Drop Correct_64HbNIFgko6.png" />
      <file href="mobile/txt__default_6Q5h57ZCPQ0.png" />
      <file href="mobile/txt__default_Drop Incorrect_6Q5h57ZCPQ0.png" />
      <file href="mobile/txt__default_Drop Correct_6Q5h57ZCPQ0.png" />
      <file href="mobile/txt__default_5WAK7crMvhg.png" />
      <file href="mobile/txt__default_Drop Incorrect_5WAK7crMvhg.png" />
      <file href="mobile/txt__default_Drop Correct_5WAK7crMvhg.png" />
      <file href="mobile/txt__default_669QMfvYhd2.png" />
      <file href="mobile/txt__default_Drop Incorrect_669QMfvYhd2.png" />
      <file href="mobile/txt__default_Drop Correct_669QMfvYhd2.png" />
      <file href="mobile/txt__default_5Zq2kIIl43f.png" />
      <file href="mobile/txt__default_Drop Incorrect_5Zq2kIIl43f.png" />
      <file href="mobile/txt__default_Drop Correct_5Zq2kIIl43f.png" />
      <file href="mobile/txt__default_6QXB3ExFDlU.png" />
      <file href="mobile/txt__default_Drop Incorrect_6QXB3ExFDlU.png" />
      <file href="mobile/txt__default_Drop Correct_6QXB3ExFDlU.png" />
      <file href="mobile/txt__default_6U5F2frBVlx.png" />
      <file href="mobile/txt__default_Drop Incorrect_6U5F2frBVlx.png" />
      <file href="mobile/txt__default_Drop Correct_6U5F2frBVlx.png" />
      <file href="mobile/txt__default_6QmdlZMdj5L.png" />
      <file href="mobile/txt__default_Drop Incorrect_6QmdlZMdj5L.png" />
      <file href="mobile/txt__default_Drop Correct_6QmdlZMdj5L.png" />
      <file href="mobile/txt__default_6KeZyeflqO9.png" />
      <file href="mobile/txt__default_Drop Incorrect_6KeZyeflqO9.png" />
      <file href="mobile/txt__default_Drop Correct_6KeZyeflqO9.png" />
      <file href="mobile/txt__default_6r7BCwgHYzX.png" />
      <file href="mobile/txt__default_Drop Incorrect_6r7BCwgHYzX.png" />
      <file href="mobile/txt__default_Drop Correct_6r7BCwgHYzX.png" />
      <file href="mobile/txt__default_69XLznHl6R7.png" />
      <file href="mobile/txt_Correct_69XLznHl6R7.png" />
      <file href="mobile/txt_Incorrect_69XLznHl6R7.png" />
      <file href="mobile/txt__default_6LrqCplj9mR.png" />
      <file href="mobile/txt_Correct_6LrqCplj9mR.png" />
      <file href="mobile/txt_Incorrect_6LrqCplj9mR.png" />
      <file href="mobile/txt__default_6JSLqGILnsZ.png" />
      <file href="mobile/txt_Correct_6JSLqGILnsZ.png" />
      <file href="mobile/txt_Incorrect_6JSLqGILnsZ.png" />
      <file href="mobile/txt__default_629fhCjuwrv.png" />
      <file href="mobile/txt_Correct_629fhCjuwrv.png" />
      <file href="mobile/txt_Incorrect_629fhCjuwrv.png" />
      <file href="mobile/txt__default_6mCx14LD9e9.png" />
      <file href="mobile/txt_Correct_6mCx14LD9e9.png" />
      <file href="mobile/txt_Incorrect_6mCx14LD9e9.png" />
      <file href="mobile/txt__default_5uC8ykX6UUC.png" />
      <file href="mobile/txt_Correct_5uC8ykX6UUC.png" />
      <file href="mobile/txt_Incorrect_5uC8ykX6UUC.png" />
      <file href="mobile/txt__default_5tYiPP8Ma1j.png" />
      <file href="mobile/txt_Correct_5tYiPP8Ma1j.png" />
      <file href="mobile/txt_Incorrect_5tYiPP8Ma1j.png" />
      <file href="mobile/txt__default_6ZAbOav4f1t.png" />
      <file href="mobile/txt_Correct_6ZAbOav4f1t.png" />
      <file href="mobile/txt_Incorrect_6ZAbOav4f1t.png" />
      <file href="mobile/txt__default_6c1HYU80MoM.png" />
      <file href="mobile/txt_Correct_6c1HYU80MoM.png" />
      <file href="mobile/txt_Incorrect_6c1HYU80MoM.png" />
      <file href="mobile/txt__default_5XRpsqdjS8L.png" />
      <file href="mobile/txt_Correct_5XRpsqdjS8L.png" />
      <file href="mobile/txt_Incorrect_5XRpsqdjS8L.png" />
      <file href="mobile/txt__default_6QBEY4kFeVG.png" />
      <file href="mobile/txt_Correct_6QBEY4kFeVG.png" />
      <file href="mobile/txt_Incorrect_6QBEY4kFeVG.png" />
      <file href="mobile/txt__default_6aBQy2iRR5b.png" />
      <file href="mobile/txt_Correct_6aBQy2iRR5b.png" />
      <file href="mobile/txt_Incorrect_6aBQy2iRR5b.png" />
      <file href="mobile/txt__default_6lgyF7wN2OA.png" />
      <file href="mobile/txt_Correct_6lgyF7wN2OA.png" />
      <file href="mobile/txt_Incorrect_6lgyF7wN2OA.png" />
      <file href="mobile/txt__default_6Y47aRwgr0h.png" />
      <file href="mobile/txt_Correct_6Y47aRwgr0h.png" />
      <file href="mobile/txt_Incorrect_6Y47aRwgr0h.png" />
      <file href="mobile/txt__default_5ltM1XO2Aid.png" />
      <file href="mobile/txt_Correct_5ltM1XO2Aid.png" />
      <file href="mobile/txt_Incorrect_5ltM1XO2Aid.png" />
      <file href="mobile/txt__default_5ZZXyiSR0yu.png" />
      <file href="mobile/txt_Correct_5ZZXyiSR0yu.png" />
      <file href="mobile/txt_Incorrect_5ZZXyiSR0yu.png" />
      <file href="mobile/txt__default_6lYfphjw7BG.png" />
      <file href="mobile/txt_Correct_6lYfphjw7BG.png" />
      <file href="mobile/txt_Incorrect_6lYfphjw7BG.png" />
      <file href="mobile/txt__default_6jpd9jI7Nk7.png" />
      <file href="mobile/txt_Correct_6jpd9jI7Nk7.png" />
      <file href="mobile/txt_Incorrect_6jpd9jI7Nk7.png" />
      <file href="mobile/txt__default_6KXUQh8SsMG.png" />
      <file href="mobile/txt_Correct_6KXUQh8SsMG.png" />
      <file href="mobile/txt_Incorrect_6KXUQh8SsMG.png" />
      <file href="mobile/txt__default_6SLnWht2LU4.png" />
      <file href="mobile/txt_Correct_6SLnWht2LU4.png" />
      <file href="mobile/txt_Incorrect_6SLnWht2LU4.png" />
      <file href="mobile/txt__default_5t7EOrYW72t.png" />
      <file href="mobile/txt_Correct_5t7EOrYW72t.png" />
      <file href="mobile/txt_Incorrect_5t7EOrYW72t.png" />
      <file href="mobile/txt__default_5k2c1Gm3w2o.png" />
      <file href="mobile/txt_Correct_5k2c1Gm3w2o.png" />
      <file href="mobile/txt_Incorrect_5k2c1Gm3w2o.png" />
      <file href="mobile/txt__default_5jzBCb3AiSg.png" />
      <file href="mobile/txt_Correct_5jzBCb3AiSg.png" />
      <file href="mobile/txt_Incorrect_5jzBCb3AiSg.png" />
      <file href="mobile/txt__default_5ZN9bMKJxM7.png" />
      <file href="mobile/txt_Correct_5ZN9bMKJxM7.png" />
      <file href="mobile/txt_Incorrect_5ZN9bMKJxM7.png" />
      <file href="mobile/txt__default_6RFUFF0anPN.png" />
      <file href="mobile/txt_Correct_6RFUFF0anPN.png" />
      <file href="mobile/txt_Incorrect_6RFUFF0anPN.png" />
      <file href="mobile/txt__default_5WNVgUyjgB3.png" />
      <file href="mobile/txt_Correct_5WNVgUyjgB3.png" />
      <file href="mobile/txt_Incorrect_5WNVgUyjgB3.png" />
      <file href="mobile/txt__default_60bHjEshdAu.png" />
      <file href="mobile/txt_Correct_60bHjEshdAu.png" />
      <file href="mobile/txt_Incorrect_60bHjEshdAu.png" />
      <file href="mobile/txt__default_6MeKiXo0TuM.png" />
      <file href="mobile/txt_Correct_6MeKiXo0TuM.png" />
      <file href="mobile/txt_Incorrect_6MeKiXo0TuM.png" />
      <file href="mobile/txt__default_5iJevQGFvX8.png" />
      <file href="mobile/txt_Correct_5iJevQGFvX8.png" />
      <file href="mobile/txt_Incorrect_5iJevQGFvX8.png" />
      <file href="mobile/txt__default_6HpQ7x8UPKd.png" />
      <file href="mobile/txt_Correct_6HpQ7x8UPKd.png" />
      <file href="mobile/txt_Incorrect_6HpQ7x8UPKd.png" />
      <file href="mobile/txt__default_6b1TllqzYRE.png" />
      <file href="mobile/txt_Correct_6b1TllqzYRE.png" />
      <file href="mobile/txt_Incorrect_6b1TllqzYRE.png" />
      <file href="mobile/txt__default_6SmDIremRa3.png" />
      <file href="mobile/txt_Correct_6SmDIremRa3.png" />
      <file href="mobile/txt_Incorrect_6SmDIremRa3.png" />
      <file href="mobile/txt__default_6BMPz4eHBxQ.png" />
      <file href="mobile/txt_Correct_6BMPz4eHBxQ.png" />
      <file href="mobile/txt_Incorrect_6BMPz4eHBxQ.png" />
      <file href="mobile/txt__default_6O42Q0q5yba.png" />
      <file href="mobile/txt_Correct_6O42Q0q5yba.png" />
      <file href="mobile/txt_Incorrect_6O42Q0q5yba.png" />
      <file href="mobile/txt__default_5V20wts30uo.png" />
      <file href="mobile/txt_Correct_5V20wts30uo.png" />
      <file href="mobile/txt_Incorrect_5V20wts30uo.png" />
      <file href="mobile/txt__default_5rOFp4hIFWI.png" />
      <file href="mobile/txt_Correct_5rOFp4hIFWI.png" />
      <file href="mobile/txt_Incorrect_5rOFp4hIFWI.png" />
      <file href="mobile/txt__default_6OwCZgwMioy.png" />
      <file href="mobile/txt_Correct_6OwCZgwMioy.png" />
      <file href="mobile/txt_Incorrect_6OwCZgwMioy.png" />
      <file href="mobile/txt__default_6Jeriza4BoA.png" />
      <file href="mobile/txt_Correct_6Jeriza4BoA.png" />
      <file href="mobile/txt_Incorrect_6Jeriza4BoA.png" />
      <file href="mobile/txt__default_6QyPi9DSQex.png" />
      <file href="mobile/txt_Correct_6QyPi9DSQex.png" />
      <file href="mobile/txt_Incorrect_6QyPi9DSQex.png" />
      <file href="mobile/txt__default_5hG5i9SXENH.png" />
      <file href="mobile/txt_Correct_5hG5i9SXENH.png" />
      <file href="mobile/txt_Incorrect_5hG5i9SXENH.png" />
      <file href="mobile/txt__default_60pjNjfgtMa.png" />
      <file href="mobile/txt_Correct_60pjNjfgtMa.png" />
      <file href="mobile/txt_Incorrect_60pjNjfgtMa.png" />
      <file href="mobile/txt__default_6ONe9lnOgWf.png" />
      <file href="mobile/txt_Correct_6ONe9lnOgWf.png" />
      <file href="mobile/txt_Incorrect_6ONe9lnOgWf.png" />
      <file href="mobile/txt__default_6hUuvnixpGV.png" />
      <file href="mobile/txt_Correct_6hUuvnixpGV.png" />
      <file href="mobile/txt_Incorrect_6hUuvnixpGV.png" />
      <file href="mobile/txt__default_6V7Cvrv0DZy.png" />
      <file href="mobile/txt_Correct_6V7Cvrv0DZy.png" />
      <file href="mobile/txt_Incorrect_6V7Cvrv0DZy.png" />
      <file href="mobile/txt__default_6nN2GnRJNsv.png" />
      <file href="mobile/txt_Correct_6nN2GnRJNsv.png" />
      <file href="mobile/txt_Incorrect_6nN2GnRJNsv.png" />
      <file href="mobile/txt__default_6DXzd334x6e.png" />
      <file href="mobile/txt_Correct_6DXzd334x6e.png" />
      <file href="mobile/txt_Incorrect_6DXzd334x6e.png" />
      <file href="mobile/txt__default_6dGgVCOih2c.png" />
      <file href="mobile/txt_Correct_6dGgVCOih2c.png" />
      <file href="mobile/txt_Incorrect_6dGgVCOih2c.png" />
      <file href="mobile/txt__default_6e0Glje4gHf.png" />
      <file href="mobile/txt_Correct_6e0Glje4gHf.png" />
      <file href="mobile/txt_Incorrect_6e0Glje4gHf.png" />
      <file href="mobile/txt__default_6LR65mZ3JYs.png" />
      <file href="mobile/txt_Correct_6LR65mZ3JYs.png" />
      <file href="mobile/txt_Incorrect_6LR65mZ3JYs.png" />
      <file href="mobile/txt__default_6PuqfCNHHsN.png" />
      <file href="mobile/txt_Correct_6PuqfCNHHsN.png" />
      <file href="mobile/txt_Incorrect_6PuqfCNHHsN.png" />
      <file href="mobile/txt__default_6cG7Z9PQQNo.png" />
      <file href="mobile/txt_Correct_6cG7Z9PQQNo.png" />
      <file href="mobile/txt_Incorrect_6cG7Z9PQQNo.png" />
      <file href="mobile/txt__default_5ZtXcjpDzu3.png" />
      <file href="mobile/txt_Correct_5ZtXcjpDzu3.png" />
      <file href="mobile/txt_Incorrect_5ZtXcjpDzu3.png" />
      <file href="mobile/txt__default_5d2mFYi8EFQ.png" />
      <file href="mobile/txt_Correct_5d2mFYi8EFQ.png" />
      <file href="mobile/txt_Incorrect_5d2mFYi8EFQ.png" />
      <file href="mobile/txt__default_6UbqBxDAD7N.png" />
      <file href="mobile/txt_Correct_6UbqBxDAD7N.png" />
      <file href="mobile/txt_Incorrect_6UbqBxDAD7N.png" />
      <file href="mobile/txt__default_6NLVecCJJl4.png" />
      <file href="mobile/txt_Correct_6NLVecCJJl4.png" />
      <file href="mobile/txt_Incorrect_6NLVecCJJl4.png" />
      <file href="mobile/txt__default_5ueEJEyqfAV.png" />
      <file href="mobile/txt_Correct_5ueEJEyqfAV.png" />
      <file href="mobile/txt_Incorrect_5ueEJEyqfAV.png" />
      <file href="mobile/txt__default_5ip0SD35sDS.png" />
      <file href="mobile/txt_Correct_5ip0SD35sDS.png" />
      <file href="mobile/txt_Incorrect_5ip0SD35sDS.png" />
      <file href="mobile/txt__default_5hl9zOXfU5F.png" />
      <file href="mobile/txt_Correct_5hl9zOXfU5F.png" />
      <file href="mobile/txt_Incorrect_5hl9zOXfU5F.png" />
      <file href="mobile/txt__default_6AU3D4r9wS6.png" />
      <file href="mobile/txt_Correct_6AU3D4r9wS6.png" />
      <file href="mobile/txt_Incorrect_6AU3D4r9wS6.png" />
      <file href="mobile/txt__default_5l1SLLxT3Ag.png" />
      <file href="mobile/txt_Correct_5l1SLLxT3Ag.png" />
      <file href="mobile/txt_Incorrect_5l1SLLxT3Ag.png" />
      <file href="mobile/txt__default_6hGbcnU0RqB.png" />
      <file href="mobile/txt_Correct_6hGbcnU0RqB.png" />
      <file href="mobile/txt_Incorrect_6hGbcnU0RqB.png" />
      <file href="mobile/txt__default_5oiXOxPyAOB.png" />
      <file href="mobile/txt_Correct_5oiXOxPyAOB.png" />
      <file href="mobile/txt_Incorrect_5oiXOxPyAOB.png" />
      <file href="mobile/txt__default_6m2uGyaiFDK.png" />
      <file href="mobile/txt_Correct_6m2uGyaiFDK.png" />
      <file href="mobile/txt_Incorrect_6m2uGyaiFDK.png" />
      <file href="mobile/txt__default_6GmsMxxE9mG.png" />
      <file href="mobile/txt_Correct_6GmsMxxE9mG.png" />
      <file href="mobile/txt_Incorrect_6GmsMxxE9mG.png" />
      <file href="mobile/txt__default_6ZRaVwIIIt6.png" />
      <file href="mobile/txt_Correct_6ZRaVwIIIt6.png" />
      <file href="mobile/txt_Incorrect_6ZRaVwIIIt6.png" />
      <file href="mobile/txt__default_6a4D6ehqenY.png" />
      <file href="mobile/txt_Correct_6a4D6ehqenY.png" />
      <file href="mobile/txt_Incorrect_6a4D6ehqenY.png" />
      <file href="mobile/txt__default_65noMIef8RE.png" />
      <file href="mobile/txt_Correct_65noMIef8RE.png" />
      <file href="mobile/txt_Incorrect_65noMIef8RE.png" />
      <file href="mobile/txt__default_6anrZriW4ZY.png" />
      <file href="mobile/txt_Correct_6anrZriW4ZY.png" />
      <file href="mobile/txt_Incorrect_6anrZriW4ZY.png" />
      <file href="mobile/txt__default_5ialipGsEeK.png" />
      <file href="mobile/txt_Correct_5ialipGsEeK.png" />
      <file href="mobile/txt_Incorrect_5ialipGsEeK.png" />
      <file href="mobile/txt__default_6NCyeapMthA.png" />
      <file href="mobile/txt_Correct_6NCyeapMthA.png" />
      <file href="mobile/txt_Incorrect_6NCyeapMthA.png" />
      <file href="mobile/txt__default_5YtPwCMBjrT.png" />
      <file href="mobile/txt_Correct_5YtPwCMBjrT.png" />
      <file href="mobile/txt_Incorrect_5YtPwCMBjrT.png" />
      <file href="mobile/txt__default_6OA5egU0ZJs.png" />
      <file href="mobile/txt_Correct_6OA5egU0ZJs.png" />
      <file href="mobile/txt_Incorrect_6OA5egU0ZJs.png" />
      <file href="mobile/txt__default_6U6LKJBj6tk.png" />
      <file href="mobile/txt_Correct_6U6LKJBj6tk.png" />
      <file href="mobile/txt_Incorrect_6U6LKJBj6tk.png" />
      <file href="mobile/txt__default_6Zp0uqp0jek.png" />
      <file href="mobile/txt_Correct_6Zp0uqp0jek.png" />
      <file href="mobile/txt_Incorrect_6Zp0uqp0jek.png" />
      <file href="mobile/txt__default_6NDMXE1zrM8.png" />
      <file href="mobile/txt_Correct_6NDMXE1zrM8.png" />
      <file href="mobile/txt_Incorrect_6NDMXE1zrM8.png" />
      <file href="mobile/txt__default_6V3yrVlrRlS.png" />
      <file href="mobile/txt_Correct_6V3yrVlrRlS.png" />
      <file href="mobile/txt_Incorrect_6V3yrVlrRlS.png" />
      <file href="mobile/txt__default_5zqj63UX9ff.png" />
      <file href="mobile/txt_Correct_5zqj63UX9ff.png" />
      <file href="mobile/txt_Incorrect_5zqj63UX9ff.png" />
      <file href="mobile/txt__default_5j56VIcVvEB.png" />
      <file href="mobile/txt_Correct_5j56VIcVvEB.png" />
      <file href="mobile/txt_Incorrect_5j56VIcVvEB.png" />
      <file href="mobile/txt__default_5xwei78df1W.png" />
      <file href="mobile/txt_Correct_5xwei78df1W.png" />
      <file href="mobile/txt_Incorrect_5xwei78df1W.png" />
      <file href="mobile/txt__default_60FdNko9IFa.png" />
      <file href="mobile/txt_Correct_60FdNko9IFa.png" />
      <file href="mobile/txt_Incorrect_60FdNko9IFa.png" />
      <file href="mobile/txt__default_6WxQaXRnUEX.png" />
      <file href="mobile/txt_Correct_6WxQaXRnUEX.png" />
      <file href="mobile/txt_Incorrect_6WxQaXRnUEX.png" />
      <file href="mobile/txt__default_6XX9iWnH2J7.png" />
      <file href="mobile/txt_Correct_6XX9iWnH2J7.png" />
      <file href="mobile/txt_Incorrect_6XX9iWnH2J7.png" />
      <file href="mobile/txt__default_6Z2ZjFp5Ep0.png" />
      <file href="mobile/txt_Correct_6Z2ZjFp5Ep0.png" />
      <file href="mobile/txt_Incorrect_6Z2ZjFp5Ep0.png" />
      <file href="mobile/txt__default_5lLI7IqSNHQ.png" />
      <file href="mobile/txt_Correct_5lLI7IqSNHQ.png" />
      <file href="mobile/txt_Incorrect_5lLI7IqSNHQ.png" />
      <file href="mobile/txt__default_68Ml5Lw2yJb.png" />
      <file href="mobile/txt_Correct_68Ml5Lw2yJb.png" />
      <file href="mobile/txt_Incorrect_68Ml5Lw2yJb.png" />
      <file href="mobile/txt__default_5jmWkbsjYZj.png" />
      <file href="mobile/txt_Correct_5jmWkbsjYZj.png" />
      <file href="mobile/txt_Incorrect_5jmWkbsjYZj.png" />
      <file href="mobile/txt__default_5uzAfbgglTR.png" />
      <file href="mobile/txt_Correct_5uzAfbgglTR.png" />
      <file href="mobile/txt_Incorrect_5uzAfbgglTR.png" />
      <file href="mobile/txt__default_5XLaEqgFeI1.png" />
      <file href="mobile/txt_Correct_5XLaEqgFeI1.png" />
      <file href="mobile/txt_Incorrect_5XLaEqgFeI1.png" />
      <file href="mobile/txt__default_5puzFdSunOS.png" />
      <file href="mobile/txt_Correct_5puzFdSunOS.png" />
      <file href="mobile/txt_Incorrect_5puzFdSunOS.png" />
      <file href="mobile/txt__default_6WskAdnrAYq.png" />
      <file href="mobile/txt_Correct_6WskAdnrAYq.png" />
      <file href="mobile/txt_Incorrect_6WskAdnrAYq.png" />
      <file href="mobile/txt__default_6LbFI8eISVI.png" />
      <file href="mobile/txt_Correct_6LbFI8eISVI.png" />
      <file href="mobile/txt_Incorrect_6LbFI8eISVI.png" />
      <file href="mobile/txt__default_6n1P3d4h32x.png" />
      <file href="mobile/txt_Correct_6n1P3d4h32x.png" />
      <file href="mobile/txt_Incorrect_6n1P3d4h32x.png" />
      <file href="mobile/txt__default_6TISMTkJzi3.png" />
      <file href="mobile/txt_Correct_6TISMTkJzi3.png" />
      <file href="mobile/txt_Incorrect_6TISMTkJzi3.png" />
      <file href="mobile/txt__default_6MjjnBM8a79.png" />
      <file href="mobile/txt_Correct_6MjjnBM8a79.png" />
      <file href="mobile/txt_Incorrect_6MjjnBM8a79.png" />
      <file href="mobile/txt__default_69U8dHdhBzH.png" />
      <file href="mobile/txt_Correct_69U8dHdhBzH.png" />
      <file href="mobile/txt_Incorrect_69U8dHdhBzH.png" />
      <file href="mobile/txt__default_6ozhIClnSux.png" />
      <file href="mobile/txt_Correct_6ozhIClnSux.png" />
      <file href="mobile/txt_Incorrect_6ozhIClnSux.png" />
      <file href="mobile/txt__default_5a4UyDwbzFJ.png" />
      <file href="mobile/txt_Correct_5a4UyDwbzFJ.png" />
      <file href="mobile/txt_Incorrect_5a4UyDwbzFJ.png" />
      <file href="mobile/txt__default_5bD40SGGxOs.png" />
      <file href="mobile/txt_Correct_5bD40SGGxOs.png" />
      <file href="mobile/txt_Incorrect_5bD40SGGxOs.png" />
      <file href="mobile/txt__default_6VGoCJbJLnE.png" />
      <file href="mobile/txt_Correct_6VGoCJbJLnE.png" />
      <file href="mobile/txt_Incorrect_6VGoCJbJLnE.png" />
      <file href="mobile/txt__default_5UmtTewQZc5.png" />
      <file href="mobile/txt_Correct_5UmtTewQZc5.png" />
      <file href="mobile/txt_Incorrect_5UmtTewQZc5.png" />
      <file href="mobile/txt__default_6aZqc7osl9e.png" />
      <file href="mobile/txt__default_Drop Incorrect_6aZqc7osl9e.png" />
      <file href="mobile/txt__default_Drop Correct_6aZqc7osl9e.png" />
      <file href="mobile/txt__default_6RtbcMsFeAy.png" />
      <file href="mobile/txt__default_Drop Incorrect_6RtbcMsFeAy.png" />
      <file href="mobile/txt__default_Drop Correct_6RtbcMsFeAy.png" />
      <file href="mobile/txt__default_6oaL9YNutQ4.png" />
      <file href="mobile/txt__default_Drop Incorrect_6oaL9YNutQ4.png" />
      <file href="mobile/txt__default_Drop Correct_6oaL9YNutQ4.png" />
      <file href="mobile/txt__default_5yMdjORSK8Q.png" />
      <file href="mobile/txt__default_Drop Incorrect_5yMdjORSK8Q.png" />
      <file href="mobile/txt__default_Drop Correct_5yMdjORSK8Q.png" />
      <file href="mobile/txt__default_6d4mY2nSEnT.png" />
      <file href="mobile/txt__default_Drop Incorrect_6d4mY2nSEnT.png" />
      <file href="mobile/txt__default_Drop Correct_6d4mY2nSEnT.png" />
      <file href="mobile/txt__default_5wQwls6YqHI.png" />
      <file href="mobile/txt__default_Drop Incorrect_5wQwls6YqHI.png" />
      <file href="mobile/txt__default_Drop Correct_5wQwls6YqHI.png" />
      <file href="mobile/txt__default_5ZERf9xJt9s.png" />
      <file href="mobile/txt__default_Drop Incorrect_5ZERf9xJt9s.png" />
      <file href="mobile/txt__default_Drop Correct_5ZERf9xJt9s.png" />
      <file href="mobile/txt__default_6dGhHNlqXGw.png" />
      <file href="mobile/txt__default_Drop Incorrect_6dGhHNlqXGw.png" />
      <file href="mobile/txt__default_Drop Correct_6dGhHNlqXGw.png" />
      <file href="mobile/txt__default_6aZgPjdAIhd.png" />
      <file href="mobile/txt__default_Drop Incorrect_6aZgPjdAIhd.png" />
      <file href="mobile/txt__default_Drop Correct_6aZgPjdAIhd.png" />
      <file href="mobile/txt__default_5uUAMdQ9wCb.png" />
      <file href="mobile/txt__default_Drop Incorrect_5uUAMdQ9wCb.png" />
      <file href="mobile/txt__default_Drop Correct_5uUAMdQ9wCb.png" />
      <file href="mobile/txt__default_6ilXaMAhmza.png" />
      <file href="mobile/txt__default_Drop Incorrect_6ilXaMAhmza.png" />
      <file href="mobile/txt__default_Drop Correct_6ilXaMAhmza.png" />
      <file href="mobile/txt__default_6Eqa3YfCOGR.png" />
      <file href="mobile/txt__default_Drop Incorrect_6Eqa3YfCOGR.png" />
      <file href="mobile/txt__default_Drop Correct_6Eqa3YfCOGR.png" />
      <file href="mobile/txt__default_6WcmgQ84bIJ.png" />
      <file href="mobile/txt__default_Drop Incorrect_6WcmgQ84bIJ.png" />
      <file href="mobile/txt__default_Drop Correct_6WcmgQ84bIJ.png" />
      <file href="mobile/txt__default_5hD1qeIjwt8.png" />
      <file href="mobile/txt__default_Drop Incorrect_5hD1qeIjwt8.png" />
      <file href="mobile/txt__default_Drop Correct_5hD1qeIjwt8.png" />
      <file href="mobile/txt__default_6hVa6khd3Nt.png" />
      <file href="mobile/txt__default_Drop Incorrect_6hVa6khd3Nt.png" />
      <file href="mobile/txt__default_Drop Correct_6hVa6khd3Nt.png" />
      <file href="mobile/txt__default_5p5pjh3sPXv.png" />
      <file href="mobile/txt__default_Drop Incorrect_5p5pjh3sPXv.png" />
      <file href="mobile/txt__default_Drop Correct_5p5pjh3sPXv.png" />
      <file href="mobile/txt__default_6XhabwIK5Nc.png" />
      <file href="mobile/txt__default_Drop Incorrect_6XhabwIK5Nc.png" />
      <file href="mobile/txt__default_Drop Correct_6XhabwIK5Nc.png" />
      <file href="mobile/txt__default_6oDgKpPTEEy.png" />
      <file href="mobile/txt__default_Drop Incorrect_6oDgKpPTEEy.png" />
      <file href="mobile/txt__default_Drop Correct_6oDgKpPTEEy.png" />
      <file href="mobile/txt__default_5pfHoEbyewx.png" />
      <file href="mobile/txt__default_Drop Incorrect_5pfHoEbyewx.png" />
      <file href="mobile/txt__default_Drop Correct_5pfHoEbyewx.png" />
      <file href="mobile/txt__default_6G2FI3xH83Z.png" />
      <file href="mobile/txt__default_Drop Incorrect_6G2FI3xH83Z.png" />
      <file href="mobile/txt__default_Drop Correct_6G2FI3xH83Z.png" />
      <file href="mobile/txt__default_63BSn4ePH6A.png" />
      <file href="mobile/txt__default_Drop Incorrect_63BSn4ePH6A.png" />
      <file href="mobile/txt__default_Drop Correct_63BSn4ePH6A.png" />
      <file href="mobile/txt__default_5qvgqwmyW6d.png" />
      <file href="mobile/txt__default_Drop Incorrect_5qvgqwmyW6d.png" />
      <file href="mobile/txt__default_Drop Correct_5qvgqwmyW6d.png" />
      <file href="mobile/txt__default_5snkbOoGl6V.png" />
      <file href="mobile/txt__default_Drop Incorrect_5snkbOoGl6V.png" />
      <file href="mobile/txt__default_Drop Correct_5snkbOoGl6V.png" />
      <file href="mobile/txt__default_6atX9GtlAIv.png" />
      <file href="mobile/txt__default_Drop Incorrect_6atX9GtlAIv.png" />
      <file href="mobile/txt__default_Drop Correct_6atX9GtlAIv.png" />
      <file href="mobile/txt__default_63ZINEPzBuh.png" />
      <file href="mobile/txt__default_Drop Incorrect_63ZINEPzBuh.png" />
      <file href="mobile/txt__default_Drop Correct_63ZINEPzBuh.png" />
      <file href="mobile/txt__default_5V3SGzCBPmx.png" />
      <file href="mobile/txt__default_Drop Incorrect_5V3SGzCBPmx.png" />
      <file href="mobile/txt__default_Drop Correct_5V3SGzCBPmx.png" />
      <file href="mobile/txt__default_5sydqlGvQW5.png" />
      <file href="mobile/txt__default_Drop Incorrect_5sydqlGvQW5.png" />
      <file href="mobile/txt__default_Drop Correct_5sydqlGvQW5.png" />
      <file href="mobile/txt__default_5ZAzIfKN4eu.png" />
      <file href="mobile/txt__default_Drop Incorrect_5ZAzIfKN4eu.png" />
      <file href="mobile/txt__default_Drop Correct_5ZAzIfKN4eu.png" />
      <file href="mobile/txt__default_6PmsrIs78cX.png" />
      <file href="mobile/txt__default_Drop Incorrect_6PmsrIs78cX.png" />
      <file href="mobile/txt__default_Drop Correct_6PmsrIs78cX.png" />
      <file href="mobile/txt__default_5pkZWfrLM9c.png" />
      <file href="mobile/txt__default_Drop Incorrect_5pkZWfrLM9c.png" />
      <file href="mobile/txt__default_Drop Correct_5pkZWfrLM9c.png" />
      <file href="mobile/txt__default_6KCcioX2SAH.png" />
      <file href="mobile/txt__default_Drop Incorrect_6KCcioX2SAH.png" />
      <file href="mobile/txt__default_Drop Correct_6KCcioX2SAH.png" />
      <file href="mobile/txt__default_6e8NJAy6lZK.png" />
      <file href="mobile/txt__default_Drop Incorrect_6e8NJAy6lZK.png" />
      <file href="mobile/txt__default_Drop Correct_6e8NJAy6lZK.png" />
      <file href="mobile/txt__default_6CCUkqm623I.png" />
      <file href="mobile/txt__default_Drop Incorrect_6CCUkqm623I.png" />
      <file href="mobile/txt__default_Drop Correct_6CCUkqm623I.png" />
      <file href="mobile/txt__default_6oysdHAoPEL.png" />
      <file href="mobile/txt__default_Drop Incorrect_6oysdHAoPEL.png" />
      <file href="mobile/txt__default_Drop Correct_6oysdHAoPEL.png" />
      <file href="mobile/txt__default_65XH5qYsjam.png" />
      <file href="mobile/txt__default_Drop Incorrect_65XH5qYsjam.png" />
      <file href="mobile/txt__default_Drop Correct_65XH5qYsjam.png" />
      <file href="mobile/txt__default_6lagAvvDtKr.png" />
      <file href="mobile/txt__default_Drop Incorrect_6lagAvvDtKr.png" />
      <file href="mobile/txt__default_Drop Correct_6lagAvvDtKr.png" />
      <file href="mobile/txt__default_60bEMl4kd0t.png" />
      <file href="mobile/txt__default_Drop Incorrect_60bEMl4kd0t.png" />
      <file href="mobile/txt__default_Drop Correct_60bEMl4kd0t.png" />
      <file href="mobile/txt__default_6NSOoiEaBqW.png" />
      <file href="mobile/txt__default_Drop Incorrect_6NSOoiEaBqW.png" />
      <file href="mobile/txt__default_Drop Correct_6NSOoiEaBqW.png" />
      <file href="mobile/txt__default_667REzuJ6E5.png" />
      <file href="mobile/txt__default_Drop Incorrect_667REzuJ6E5.png" />
      <file href="mobile/txt__default_Drop Correct_667REzuJ6E5.png" />
      <file href="mobile/txt__default_6qVbnkwpRbP.png" />
      <file href="mobile/txt__default_Drop Incorrect_6qVbnkwpRbP.png" />
      <file href="mobile/txt__default_Drop Correct_6qVbnkwpRbP.png" />
      <file href="mobile/txt__default_6OGdIKDyMdp.png" />
      <file href="mobile/txt__default_Drop Incorrect_6OGdIKDyMdp.png" />
      <file href="mobile/txt__default_Drop Correct_6OGdIKDyMdp.png" />
      <file href="mobile/txt__default_6mfY57KP7m1.png" />
      <file href="mobile/txt__default_Drop Incorrect_6mfY57KP7m1.png" />
      <file href="mobile/txt__default_Drop Correct_6mfY57KP7m1.png" />
      <file href="mobile/txt__default_6EDESTsJIZa.png" />
      <file href="mobile/txt__default_Drop Incorrect_6EDESTsJIZa.png" />
      <file href="mobile/txt__default_Drop Correct_6EDESTsJIZa.png" />
      <file href="mobile/txt__default_6X65TNx7kow.png" />
      <file href="mobile/txt__default_Drop Incorrect_6X65TNx7kow.png" />
      <file href="mobile/txt__default_Drop Correct_6X65TNx7kow.png" />
      <file href="mobile/txt__default_5okh70jE2yv.png" />
      <file href="mobile/txt__default_Drop Incorrect_5okh70jE2yv.png" />
      <file href="mobile/txt__default_Drop Correct_5okh70jE2yv.png" />
      <file href="mobile/txt__default_6EjztZSr2n3.png" />
      <file href="mobile/txt__default_Drop Incorrect_6EjztZSr2n3.png" />
      <file href="mobile/txt__default_Drop Correct_6EjztZSr2n3.png" />
      <file href="mobile/txt__default_6fcnAgGlqL3.png" />
      <file href="mobile/txt__default_Drop Incorrect_6fcnAgGlqL3.png" />
      <file href="mobile/txt__default_Drop Correct_6fcnAgGlqL3.png" />
      <file href="mobile/txt__default_6WqRWYrn8Ft.png" />
      <file href="mobile/txt__default_Drop Incorrect_6WqRWYrn8Ft.png" />
      <file href="mobile/txt__default_Drop Correct_6WqRWYrn8Ft.png" />
      <file href="mobile/txt__default_5vl3EncQZX0.png" />
      <file href="mobile/txt__default_Drop Incorrect_5vl3EncQZX0.png" />
      <file href="mobile/txt__default_Drop Correct_5vl3EncQZX0.png" />
      <file href="mobile/txt__default_5d4qq7vcKPP.png" />
      <file href="mobile/txt__default_Drop Incorrect_5d4qq7vcKPP.png" />
      <file href="mobile/txt__default_Drop Correct_5d4qq7vcKPP.png" />
      <file href="html5/data/css/output.min.css" />
      <file href="html5/data/js/5aQxVOmqxiV.js" />
      <file href="html5/data/js/5b3UazesYx3.js" />
      <file href="html5/data/js/5hm0yUPx460.js" />
      <file href="html5/data/js/5kSFbok6itT.js" />
      <file href="html5/data/js/5kxdNb19l6t.js" />
      <file href="html5/data/js/5lNE06NsP1F.js" />
      <file href="html5/data/js/5lVaGs3son5.js" />
      <file href="html5/data/js/5m7AxBCA8Bj.js" />
      <file href="html5/data/js/5ma6V6DDcWZ.js" />
      <file href="html5/data/js/5o3pvHpJoEs.js" />
      <file href="html5/data/js/5p7kfEp09Vm.js" />
      <file href="html5/data/js/5sNtCsJpPX5.js" />
      <file href="html5/data/js/5tBQKytyfkV.js" />
      <file href="html5/data/js/5vgC7fYPSZK.js" />
      <file href="html5/data/js/5wun0BEnig7.js" />
      <file href="html5/data/js/5yESl02r5wC.js" />
      <file href="html5/data/js/5ylaCV9YncT.js" />
      <file href="html5/data/js/5YpGwlYTEJi.js" />
      <file href="html5/data/js/5ZSayzn6BFV.js" />
      <file href="html5/data/js/61fyePJXupf.js" />
      <file href="html5/data/js/62J0SEjAPZB.js" />
      <file href="html5/data/js/62ux1boehTt.js" />
      <file href="html5/data/js/64hLjpo6Wno.js" />
      <file href="html5/data/js/64X1MSU6oY2.js" />
      <file href="html5/data/js/67eiBPrnLfa.js" />
      <file href="html5/data/js/67FDPa6zLdU.js" />
      <file href="html5/data/js/67Og1XgENKK.js" />
      <file href="html5/data/js/6aIOlhLYj8r.js" />
      <file href="html5/data/js/6BTBsU1YyCx.js" />
      <file href="html5/data/js/6e4fCMPRC7W.js" />
      <file href="html5/data/js/6EWfBK4ND2W.js" />
      <file href="html5/data/js/6fgHp32OU44.js" />
      <file href="html5/data/js/6gTn0GnwVPV.js" />
      <file href="html5/data/js/6h1xFYafzH8.js" />
      <file href="html5/data/js/6hvCVjh88Ix.js" />
      <file href="html5/data/js/6I0hSoFLDEA.js" />
      <file href="html5/data/js/6iINmEsbAcZ.js" />
      <file href="html5/data/js/6INGVLLjRzf.js" />
      <file href="html5/data/js/6J6MalUl4DB.js" />
      <file href="html5/data/js/6JlNsq64JyE.js" />
      <file href="html5/data/js/6lPjgC7ibj1.js" />
      <file href="html5/data/js/6lQ00zJyeDv.js" />
      <file href="html5/data/js/6mRguCYBhm2.js" />
      <file href="html5/data/js/6Oh8y4Sb1WE.js" />
      <file href="html5/data/js/6PpClWwSn3W.js" />
      <file href="html5/data/js/6pRpP61vzYu.js" />
      <file href="html5/data/js/6PxNHGcEu9P.js" />
      <file href="html5/data/js/6q4Ie8AJpMj.js" />
      <file href="html5/data/js/6rKdaMJrA7H.js" />
      <file href="html5/data/js/6WITKKnyeG2.js" />
      <file href="html5/data/js/6YQOdsVITgW.js" />
      <file href="html5/data/js/data.js" />
      <file href="html5/data/js/frame.js" />
      <file href="html5/data/js/paths.js" />
      <file href="html5/lib/scripts/app.min.js" />
      <file href="html5/lib/stylesheets/main.min.css" />
      <file href="html5/lib/stylesheets/mobile-fonts/open-sans-bold.woff" />
      <file href="html5/lib/stylesheets/mobile-fonts/open-sans-light.woff" />
      <file href="html5/lib/stylesheets/mobile-fonts/open-sans-regular.woff" />
      <file href="story.html" />
      <file href="story_html5.html" />
      <file href="story_content/blank.html" />
      <file href="story_content/story.js" />
      <file href="index_lms.html" />
      <file href="index_lms_html5.html" />
      <file href="lms/AICCComm.html" />
      <file href="lms/AICCFunctions.js" />
      <file href="lms/API.js" />
      <file href="lms/APIConstants.js" />
      <file href="lms/blank.html" />
      <file href="lms/browsersniff.js" />
      <file href="lms/Configuration.js" />
      <file href="lms/goodbye.html" />
      <file href="lms/lms.js" />
      <file href="lms/LMSAPI.js" />
      <file href="lms/NONEFunctions.js" />
      <file href="lms/SCORM2004Functions.js" />
      <file href="lms/SCORMFunctions.js" />
      <file href="lms/UtilityFunctions.js" />
    </resource>
  </resources>
</manifest>