﻿<?xml version="1.0" encoding="utf-8"?><meta xmlns:xsi="http://www.w3.org/2001/XMLSchema-instance" xmlns:xsd="http://www.w3.org/2001/XMLSchema"><project id="5xkDZrKNLXp" courseid="5cy6k5pvdtH_course_id" thumburl="story_content/thumbnail.jpg" title="Academic Library Jargon Word Search" datepublished="2018-03-08T18:36:24" version="1.0.0.0" flashdata="story_content/data.swf" html5data="mobile/data.json" mobiledata="mobile/data.gz" enabledownload="false" duration="About 11 minutes" totalaudio="0" totalvideo="5712"><description>Academic libraries have their own set of jargon which can confuse and confound you while you are researching your paper. This word search provides an opportunity to learn the meanings of 5 prevalent jargon terms.</description><keywords /><slidemeta moniker="slide" monikerplural="slides" viewslides="4" slidecountdescription="4 slides" /><author name="Eric Kowalik" email="eric.kowalik@marquette.edu" website="" /><application name="Articulate Storyline" version="3.3.15007.0" xmlversion="4.0" /></project></meta>