<?xml version="1.0" standalone="no"?>
<manifest identifier="_6FS61D5yikK_course_id" version="1.3" xmlns="http://www.imsglobal.org/xsd/imscp_v1p1" xmlns:adlcp="http://www.adlnet.org/xsd/adlcp_v1p3" xmlns:adlseq="http://www.adlnet.org/xsd/adlseq_v1p3" xmlns:adlnav="http://www.adlnet.org/xsd/adlnav_v1p3" xmlns:imsss="http://www.imsglobal.org/xsd/imsss" xmlns:xsi="http://www.w3.org/2001/XMLSchema-instance" xmlns:lom="http://ltsc.ieee.org/xsd/LOM" xsi:schemaLocation="http://www.imsglobal.org/xsd/imscp_v1p1 imscp_v1p1.xsd&#xA;                              http://www.adlnet.org/xsd/adlcp_v1p3 adlcp_v1p3.xsd&#xA;                              http://www.adlnet.org/xsd/adlseq_v1p3 adlseq_v1p3.xsd&#xA;                              http://www.adlnet.org/xsd/adlnav_v1p3 adlnav_v1p3.xsd&#xA;							  http://www.imsglobal.org/xsd/imsss imsss_v1p0.xsd&#xA;							  http://ltsc.ieee.org/xsd/LOM lom.xsd">
  <metadata>
    <schema>ADL SCORM</schema>
    <schemaversion>2004 4th Edition</schemaversion>
    <adlcp:location>metadata.xml</adlcp:location>
  </metadata>
  <organizations default="Academic_Library_Hangperson_ORG">
    <organization identifier="Academic_Library_Hangperson_ORG" adlseq:objectivesGlobalToSystem="false">
      <title>Academic Library Hangperson</title>
      <item identifier="Academic_Research_Intro_SCO" identifierref="__6FS61D5yikK_course_id_RES" isvisible="true">
        <title>Academic Research Intro</title>
        <imsss:sequencing>
          <imsss:deliveryControls tracked="true" completionSetByContent="true" objectiveSetByContent="true" />
        </imsss:sequencing>
      </item>
      <metadata>
        <adlcp:location>metadata.xml</adlcp:location>
      </metadata>
      <imsss:sequencing>
        <imsss:controlMode choice="true" flow="true" />
      </imsss:sequencing>
    </organization>
  </organizations>
  <resources>
    <resource identifier="__6FS61D5yikK_course_id_RES" type="webcontent" adlcp:scormType="sco" href="index_lms.html">
      <file href="story_content/thumbnail.jpg" />
      <file href="mobile/5mDTxvEEVyq_80_DX1920_DY1920_CX813_CY904.png" />
      <file href="mobile/6AHM7fF8dlX_80_DX158_DY158_CX117_CY88.png" />
      <file href="mobile/6llfpzb7zuR_80_DX400_DY400_CX187_CY298.png" />
      <file href="mobile/5fboX5xdvRs_80_DX400_DY400_CX187_CY298.png" />
      <file href="mobile/6BUui6GaU2x_80_DX400_DY400_CX187_CY298.png" />
      <file href="mobile/6fma9ntlNgF_80_DX400_DY400_CX187_CY298.png" />
      <file href="mobile/5vEIdB7pR63_80_DX400_DY400_CX187_CY298.png" />
      <file href="mobile/5ySaF6TKJ2C_80_DX400_DY400_CX187_CY298.png" />
      <file href="mobile/6LGqbi8fgF8_80_DX400_DY400_CX187_CY298.png" />
      <file href="mobile/5b6NNkbypFC_80_DX400_DY400_CX187_CY298.png" />
      <file href="mobile/6HGAh75Krbb_80_DX400_DY400_CX187_CY298.png" />
      <file href="mobile/6nyyFAxzSB1_80_DX400_DY400_CX187_CY298.png" />
      <file href="mobile/5nNDJBtsQ2c_80_DX1440_DY1440_CX1080_CY818.png" />
      <file href="mobile/6qpwED7nwbO_80_DX746_DY746_CX558_CY244.png" />
      <file href="mobile/5yhcFSOhw1N_80_DX448_DY448_CX193_CY224.png" />
      <file href="mobile/6BdoN5xZKeb_80_DX1340_DY1340_CX564_CY767.png" />
      <file href="mobile/5mDTxvEEVyq_80_DX1920_DY1920_CX961_CY1068.png" />
      <file href="mobile/6cxjWLUnEwf_80_DX188_DY188_CX94_CY94.png" />
      <file href="mobile/6cxjWLUnEwf_80_DX208_DY208_CX104_CY104.png" />
      <file href="mobile/5k9Obtwaztd6H3nVMp9gER{Width=668, Height=376}Light_80_DX1336_DY1336_CX668_CY376.jpg" />
      <file href="meta.xml" />
      <file href="story_content/frame.json" />
      <file href="story_content/user.js" />
      <file href="mobile/Slide5W0Gt6Qt7WO.jpg" />
      <file href="mobile/Slide6Mg0u9NLTAC.jpg" />
      <file href="mobile/Slide6ZPfVh12x8I.jpg" />
      <file href="mobile/Slide6d7YFuFd5N6.jpg" />
      <file href="mobile/Slide6ljkIgc4nXj.jpg" />
      <file href="mobile/Slide5cPMgNEzDpo.jpg" />
      <file href="mobile/Slide6bW9zKSZaIa.jpg" />
      <file href="html5/data/css/output.min.css" />
      <file href="html5/data/js/5x3R6atjQKN.js" />
      <file href="html5/data/js/5XeRFmBPShP.js" />
      <file href="html5/data/js/63Z3CmdOCnB.js" />
      <file href="html5/data/js/65Q4cUlpKBl.js" />
      <file href="html5/data/js/65S8GZ6XhsB.js" />
      <file href="html5/data/js/6ByOQAbkDyF.js" />
      <file href="html5/data/js/6q8Uyrxceym.js" />
      <file href="html5/data/js/data.js" />
      <file href="html5/data/js/frame.js" />
      <file href="html5/data/js/paths.js" />
      <file href="html5/lib/scripts/app.min.js" />
      <file href="html5/lib/stylesheets/main.min.css" />
      <file href="html5/lib/stylesheets/mobile-fonts/open-sans-bold.woff" />
      <file href="html5/lib/stylesheets/mobile-fonts/open-sans-light.woff" />
      <file href="html5/lib/stylesheets/mobile-fonts/open-sans-regular.woff" />
      <file href="story.html" />
      <file href="story_html5.html" />
      <file href="story_content/blank.html" />
      <file href="story_content/story.js" />
      <file href="index_lms.html" />
      <file href="index_lms_html5.html" />
      <file href="lms/AICCComm.html" />
      <file href="lms/AICCFunctions.js" />
      <file href="lms/API.js" />
      <file href="lms/APIConstants.js" />
      <file href="lms/blank.html" />
      <file href="lms/browsersniff.js" />
      <file href="lms/Configuration.js" />
      <file href="lms/goodbye.html" />
      <file href="lms/lms.js" />
      <file href="lms/LMSAPI.js" />
      <file href="lms/NONEFunctions.js" />
      <file href="lms/SCORM2004Functions.js" />
      <file href="lms/SCORMFunctions.js" />
      <file href="lms/UtilityFunctions.js" />
    </resource>
  </resources>
</manifest>