﻿<?xml version="1.0" encoding="utf-8"?><meta xmlns:xsi="http://www.w3.org/2001/XMLSchema-instance" xmlns:xsd="http://www.w3.org/2001/XMLSchema"><project id="617MORG3Dvr" courseid="6FS61D5yikK_course_id" thumburl="story_content/thumbnail.jpg" title="Academic Library Hangperson" datepublished="2018-03-08T18:07:59" version="1.0.0.0" flashdata="story_content/data.swf" html5data="mobile/data.json" mobiledata="mobile/data.gz" enabledownload="false" duration="About 20 minutes" totalaudio="0" totalvideo="0"><description>Can you figure out 5 library related terms? Press the letter keys to reveal the correct letters. If you press the wrong key, a piece of the hanged person will be revealed. Get 10 wrong keys, it's game over.</description><keywords /><slidemeta moniker="slide" monikerplural="slides" viewslides="7" slidecountdescription="7 slides" /><author name="Eric Kowalik" email="" website="" /><application name="Articulate Storyline" version="3.3.15007.0" xmlversion="4.0" /></project></meta>