<?xml version="1.0" standalone="no"?>
<manifest identifier="_6qmcDlIDIN0_course_id" version="1.3" xmlns="http://www.imsglobal.org/xsd/imscp_v1p1" xmlns:adlcp="http://www.adlnet.org/xsd/adlcp_v1p3" xmlns:adlseq="http://www.adlnet.org/xsd/adlseq_v1p3" xmlns:adlnav="http://www.adlnet.org/xsd/adlnav_v1p3" xmlns:imsss="http://www.imsglobal.org/xsd/imsss" xmlns:xsi="http://www.w3.org/2001/XMLSchema-instance" xmlns:lom="http://ltsc.ieee.org/xsd/LOM" xsi:schemaLocation="http://www.imsglobal.org/xsd/imscp_v1p1 imscp_v1p1.xsd&#xA;                              http://www.adlnet.org/xsd/adlcp_v1p3 adlcp_v1p3.xsd&#xA;                              http://www.adlnet.org/xsd/adlseq_v1p3 adlseq_v1p3.xsd&#xA;                              http://www.adlnet.org/xsd/adlnav_v1p3 adlnav_v1p3.xsd&#xA;							  http://www.imsglobal.org/xsd/imsss imsss_v1p0.xsd&#xA;							  http://ltsc.ieee.org/xsd/LOM lom.xsd">
  <metadata>
    <schema>ADL SCORM</schema>
    <schemaversion>2004 4th Edition</schemaversion>
    <adlcp:location>metadata.xml</adlcp:location>
  </metadata>
  <organizations default="Help_a_Buddy_Out_(Narrowing_a_Topic)_ORG">
    <organization identifier="Help_a_Buddy_Out_(Narrowing_a_Topic)_ORG" adlseq:objectivesGlobalToSystem="false">
      <title>Help a Buddy Out (Narrowing a Topic)</title>
      <item identifier="Help_a_Buddy_Out_(Narrowing_a_Topic)_SCO" identifierref="__6qmcDlIDIN0_course_id_RES" isvisible="true">
        <title>Help a Buddy Out (Narrowing a Topic)</title>
        <imsss:sequencing>
          <imsss:deliveryControls tracked="true" completionSetByContent="true" objectiveSetByContent="true" />
        </imsss:sequencing>
      </item>
      <metadata>
        <adlcp:location>metadata.xml</adlcp:location>
      </metadata>
      <imsss:sequencing>
        <imsss:controlMode choice="true" flow="true" />
      </imsss:sequencing>
    </organization>
  </organizations>
  <resources>
    <resource identifier="__6qmcDlIDIN0_course_id_RES" type="webcontent" adlcp:scormType="sco" href="index_lms.html">
      <file href="story_content/thumbnail.jpg" />
      <file href="mobile/5vqVt9vehX1_80_P_0_0_4362_3046_DX842_DY842_CX176_CY123.png" />
      <file href="mobile/5vqVt9vehX1_80_RG_P_0_0_4362_3046_DX842_DY842_CX176_CY123.png" />
      <file href="mobile/5e8fRkNgdJB_80_P_0_0_4508_3049_DX818_DY818_CX177_CY120.png" />
      <file href="mobile/5e8fRkNgdJB_80_RG_P_0_0_4508_3049_DX818_DY818_CX177_CY120.png" />
      <file href="mobile/6qk3RJ4gINi_80_P_0_0_5296_3048_DX576_DY576_CX208_CY120.png" />
      <file href="mobile/6qk3RJ4gINi_80_RG_P_0_0_5296_3048_DX576_DY576_CX208_CY120.png" />
      <file href="mobile/6cxjWLUnEwf_80_DX198_DY198_CX99_CY99.png" />
      <file href="mobile/6j9LL61KvnM_80_DX1152_DY1152_CX128_CY128.jpg" />
      <file href="mobile/6BmjHLhiBBS_80_P_0_0_3821_3048_DX592_DY592_CX154_CY123.png" />
      <file href="mobile/5u5mKrcIgIr_80_P_0_0_3563_3049_DX592_DY592_CX144_CY123.png" />
      <file href="mobile/5nNDJBtsQ2c_80_DX1440_DY1440_CX1080_CY818.png" />
      <file href="mobile/6qpwED7nwbO_80_DX746_DY746_CX558_CY244.png" />
      <file href="mobile/5yhcFSOhw1N_80_DX448_DY448_CX193_CY224.png" />
      <file href="mobile/6BdoN5xZKeb_80_DX1340_DY1340_CX564_CY767.png" />
      <file href="mobile/5mDTxvEEVyq_80_DX1920_DY1920_CX961_CY1068.png" />
      <file href="mobile/6cxjWLUnEwf_80_DX240_DY240_CX120_CY120.png" />
      <file href="meta.xml" />
      <file href="story_content/frame.json" />
      <file href="story_content/user.js" />
      <file href="mobile/Slide6asbQcYuraK.jpg" />
      <file href="mobile/Slide5fBZyu41MOt.jpg" />
      <file href="mobile/Shape67eyVGT0RVz.png" />
      <file href="mobile/Shape5zRhUAbm8xy.png" />
      <file href="mobile/Shape5eOZMuiWKPB.png" />
      <file href="mobile/Shape5c55DqO6iK5.png" />
      <file href="mobile/Shape6rBaGNFMgvI.png" />
      <file href="mobile/Shape5UxENabBron.png" />
      <file href="mobile/Shape63e08KTHxWv.png" />
      <file href="mobile/Shape5oTeDWyhjsm.png" />
      <file href="mobile/Slide6OxAHTxS5jp.jpg" />
      <file href="mobile/Shape6OFuZ9ggLRo.png" />
      <file href="mobile/Shape6SHUizM6T7j.png" />
      <file href="mobile/Shape5lZG5qUmz7B.png" />
      <file href="mobile/Shape6Z9w37yy4TO.png" />
      <file href="mobile/Shape5otN53oILAO.png" />
      <file href="mobile/Shape67DepqN7hIC.png" />
      <file href="mobile/Slide6ncOBrAvY1N.jpg" />
      <file href="mobile/Shape5Y43aLbA6Cg.png" />
      <file href="mobile/Shape5X3tVVRGqUV.png" />
      <file href="mobile/Shape6YRMW9GDrwE.png" />
      <file href="mobile/Shape6do2BSRXHpk.png" />
      <file href="mobile/Shape5WOKYLgpeqd.png" />
      <file href="mobile/Shape6OG1MDfMq9k.png" />
      <file href="mobile/Shape6nC2zFDZocD.png" />
      <file href="mobile/Shape6986lKeC8Qm.png" />
      <file href="mobile/Slide6NbEZ6WwHO1.jpg" />
      <file href="mobile/Slide6oOrFtvCTPK.jpg" />
      <file href="mobile/Slide62QYg2kJ4p8.jpg" />
      <file href="html5/data/css/output.min.css" />
      <file href="html5/data/js/5aPLfcnwDfP.js" />
      <file href="html5/data/js/5emuAbBk1cP.js" />
      <file href="html5/data/js/5kAzISWFe7S.js" />
      <file href="html5/data/js/5msWitMiYvs.js" />
      <file href="html5/data/js/5nsRzjWujPy.js" />
      <file href="html5/data/js/68k51gQzbUm.js" />
      <file href="html5/data/js/6ol5FRIyPdL.js" />
      <file href="html5/data/js/6qVwheKY52c.js" />
      <file href="html5/data/js/data.js" />
      <file href="html5/data/js/frame.js" />
      <file href="html5/data/js/paths.js" />
      <file href="html5/lib/scripts/app.min.js" />
      <file href="html5/lib/stylesheets/main.min.css" />
      <file href="html5/lib/stylesheets/mobile-fonts/open-sans-bold.woff" />
      <file href="html5/lib/stylesheets/mobile-fonts/open-sans-light.woff" />
      <file href="html5/lib/stylesheets/mobile-fonts/open-sans-regular.woff" />
      <file href="story.html" />
      <file href="story_html5.html" />
      <file href="story_content/blank.html" />
      <file href="story_content/story.js" />
      <file href="index_lms.html" />
      <file href="index_lms_html5.html" />
      <file href="lms/AICCComm.html" />
      <file href="lms/AICCFunctions.js" />
      <file href="lms/API.js" />
      <file href="lms/APIConstants.js" />
      <file href="lms/blank.html" />
      <file href="lms/browsersniff.js" />
      <file href="lms/Configuration.js" />
      <file href="lms/goodbye.html" />
      <file href="lms/lms.js" />
      <file href="lms/LMSAPI.js" />
      <file href="lms/NONEFunctions.js" />
      <file href="lms/SCORM2004Functions.js" />
      <file href="lms/SCORMFunctions.js" />
      <file href="lms/UtilityFunctions.js" />
    </resource>
  </resources>
</manifest>