﻿<?xml version="1.0" encoding="utf-8"?><meta xmlns:xsi="http://www.w3.org/2001/XMLSchema-instance" xmlns:xsd="http://www.w3.org/2001/XMLSchema"><project id="5Xu13EDhhpK" courseid="6qmcDlIDIN0_course_id" thumburl="story_content/thumbnail.jpg" title="Help a Buddy Out (Narrowing a Topic)" datepublished="2018-03-08T18:15:13" version="1.0.0.0" flashdata="story_content/data.swf" html5data="mobile/data.json" mobiledata="mobile/data.gz" enabledownload="false" duration="About 5 minutes" totalaudio="0" totalvideo="0"><description>Three of your friends need to write a research paper and would like your help in narrowing their topics to one that is interesting, yet narrow enough to find scholarly sources about.</description><keywords /><slidemeta moniker="slide" monikerplural="slides" viewslides="8" slidecountdescription="8 slides" /><author name="Eric Kowalik" email="eric.kowalik@marquette.edu" website="" /><application name="Articulate Storyline" version="3.3.15007.0" xmlversion="4.0" /></project></meta>