<?xml version="1.0" standalone="no"?>
<manifest identifier="_6URZWuRi0IC_course_id" version="1.3" xmlns="http://www.imsglobal.org/xsd/imscp_v1p1" xmlns:adlcp="http://www.adlnet.org/xsd/adlcp_v1p3" xmlns:adlseq="http://www.adlnet.org/xsd/adlseq_v1p3" xmlns:adlnav="http://www.adlnet.org/xsd/adlnav_v1p3" xmlns:imsss="http://www.imsglobal.org/xsd/imsss" xmlns:xsi="http://www.w3.org/2001/XMLSchema-instance" xmlns:lom="http://ltsc.ieee.org/xsd/LOM" xsi:schemaLocation="http://www.imsglobal.org/xsd/imscp_v1p1 imscp_v1p1.xsd&#xA;                              http://www.adlnet.org/xsd/adlcp_v1p3 adlcp_v1p3.xsd&#xA;                              http://www.adlnet.org/xsd/adlseq_v1p3 adlseq_v1p3.xsd&#xA;                              http://www.adlnet.org/xsd/adlnav_v1p3 adlnav_v1p3.xsd&#xA;							  http://www.imsglobal.org/xsd/imsss imsss_v1p0.xsd&#xA;							  http://ltsc.ieee.org/xsd/LOM lom.xsd">
  <metadata>
    <schema>ADL SCORM</schema>
    <schemaversion>2004 4th Edition</schemaversion>
    <adlcp:location>metadata.xml</adlcp:location>
  </metadata>
  <organizations default="Boolean_Bonanza_ORG">
    <organization identifier="Boolean_Bonanza_ORG" adlseq:objectivesGlobalToSystem="false">
      <title>Boolean Bonanza</title>
      <item identifier="Boolean_Bonanza_SCO" identifierref="__6URZWuRi0IC_course_id_RES" isvisible="true">
        <title>Boolean Bonanza</title>
        <imsss:sequencing>
          <imsss:deliveryControls tracked="true" completionSetByContent="true" objectiveSetByContent="true" />
        </imsss:sequencing>
      </item>
      <metadata>
        <adlcp:location>metadata.xml</adlcp:location>
      </metadata>
      <imsss:sequencing>
        <imsss:controlMode choice="true" flow="true" />
      </imsss:sequencing>
    </organization>
  </organizations>
  <resources>
    <resource identifier="__6URZWuRi0IC_course_id_RES" type="webcontent" adlcp:scormType="sco" href="index_lms.html">
      <file href="story_content/thumbnail.jpg" />
      <file href="mobile/6rT5Gqz3Mpj_80_DX536_DY536_CX402_CY390.png" />
      <file href="mobile/6AQ1LlD5wn7_80_DX436_DY436_CX327_CY312.png" />
      <file href="mobile/6VIaOFc4N8C6gab6rmGDJ2{Width=640.7693, Height=476}Light_80_DX1282_DY1282_CX641_CY476.jpg" />
      <file href="mobile/5nNDJBtsQ2c_80_DX1440_DY1440_CX1080_CY818.png" />
      <file href="mobile/6qpwED7nwbO_80_DX746_DY746_CX558_CY244.png" />
      <file href="mobile/5yhcFSOhw1N_80_DX448_DY448_CX193_CY224.png" />
      <file href="mobile/6BdoN5xZKeb_80_DX1340_DY1340_CX564_CY767.png" />
      <file href="mobile/5mDTxvEEVyq_80_DX1920_DY1920_CX961_CY1068.png" />
      <file href="mobile/6cxjWLUnEwf_80_DX240_DY240_CX120_CY120.png" />
      <file href="mobile/5c8MdUcxeeV_Y_80_P_0_0_3893_3037_DX210_DY210_CX157_CY122.png" />
      <file href="mobile/6NLj3byZACt_Y_80_RG_P_0_0_5296_3037_DX286_DY286_CX214_CY123.png" />
      <file href="mobile/6cxjWLUnEwf_80_DX200_DY200_CX100_CY100.png" />
      <file href="mobile/5aXpzloBvQm_80_DX628_DY628_CX470_CY454.png" />
      <file href="mobile/6mRJy6hthsb_80_DX628_DY628_CX470_CY454.png" />
      <file href="mobile/6rT5Gqz3Mpj_80_DX624_DY624_CX468_CY454.png" />
      <file href="mobile/5XILO8mBlQb_80_DX622_DY622_CX466_CY454.png" />
      <file href="mobile/6fAOgCNLUhW_80_DX626_DY626_CX469_CY454.png" />
      <file href="mobile/5uCkeznapIJ_80_DX622_DY622_CX466_CY440.png" />
      <file href="mobile/6AQ1LlD5wn7_80_DX748_DY748_CX560_CY535.png" />
      <file href="mobile/68XlN1psS72_80_DX704_DY704_CX523_CY526.png" />
      <file href="mobile/6YJXtXztqb3_80_DX748_DY748_CX561_CY501.png" />
      <file href="mobile/63A7uQjdGZn_80_DX690_DY690_CX516_CY487.png" />
      <file href="mobile/64TRh94Q161_Y_80_P_0_0_2922_3046_DX164_DY164_CX118_CY123.png" />
      <file href="mobile/5vqVt9vehX1_Y_80_RG_P_0_0_4362_3046_DX234_DY234_CX175_CY122.png" />
      <file href="mobile/64P4XTlsNzV_80_P_0_0_3678_3046_DX198_DY198_CX148_CY123.png" />
      <file href="mobile/6k4OwNmb5XA_80_RG_P_0_0_4362_3046_DX234_DY234_CX175_CY122.png" />
      <file href="mobile/5dI1OnkPNsI_80_P_0_0_4508_3049_DX244_DY244_CX182_CY123.png" />
      <file href="mobile/5WXP4hYQ1kp_80_RG_P_0_0_4508_3049_DX244_DY244_CX182_CY123.png" />
      <file href="mobile/5mkr6mNlbz8_80_P_0_0_3821_3041_DX206_DY206_CX154_CY123.png" />
      <file href="mobile/5UigPjV6cuQ_80_RG_P_0_0_5296_3041_DX206_DY206_CX154_CY88.png" />
      <file href="mobile/5fsAIbUgTKO_80_P_0_0_2667_3049_DX164_DY164_CX108_CY123.png" />
      <file href="mobile/5axGaIomEOD_80_RG_P_0_0_4508_3049_DX164_DY164_CX108_CY73.png" />
      <file href="meta.xml" />
      <file href="story_content/frame.json" />
      <file href="story_content/user.js" />
      <file href="mobile/Slide5fi4uz2tg4D.jpg" />
      <file href="mobile/Shape5iuyA160N1q.png" />
      <file href="mobile/Slide6NbEZ6WwHO1.jpg" />
      <file href="mobile/Slide6oOrFtvCTPK.jpg" />
      <file href="mobile/Slide6n3sErTbgcE.jpg" />
      <file href="mobile/Slide6ApA2nk0RyN.jpg" />
      <file href="mobile/txt__default_5jzhYU2eYr0.png" />
      <file href="mobile/txt__default_Drop Correct_5jzhYU2eYr0.png" />
      <file href="mobile/txt__default_Disabled_5jzhYU2eYr0.png" />
      <file href="mobile/txt__default_Disabled_Drop Correct_5jzhYU2eYr0.png" />
      <file href="mobile/txt__default_Down_5jzhYU2eYr0.png" />
      <file href="mobile/txt__default_Down_Drop Correct_5jzhYU2eYr0.png" />
      <file href="mobile/txt__default_Visited_5jzhYU2eYr0.png" />
      <file href="mobile/txt__default_Visited_Drop Correct_5jzhYU2eYr0.png" />
      <file href="mobile/txt__default_Visited_Disabled_5jzhYU2eYr0.png" />
      <file href="mobile/txt__default_Visited_Disabled_Drop Correct_5jzhYU2eYr0.png" />
      <file href="mobile/txt__default_Down_Visited_5jzhYU2eYr0.png" />
      <file href="mobile/txt__default_Down_Visited_Drop Correct_5jzhYU2eYr0.png" />
      <file href="mobile/txt__default_Hover_5jzhYU2eYr0.png" />
      <file href="mobile/txt__default_Hover_Drop Correct_5jzhYU2eYr0.png" />
      <file href="mobile/txt__default_Hover_Disabled_5jzhYU2eYr0.png" />
      <file href="mobile/txt__default_Hover_Disabled_Drop Correct_5jzhYU2eYr0.png" />
      <file href="mobile/txt__default_Hover_Down_5jzhYU2eYr0.png" />
      <file href="mobile/txt__default_Hover_Down_Drop Correct_5jzhYU2eYr0.png" />
      <file href="mobile/txt__default_Hover_Visited_5jzhYU2eYr0.png" />
      <file href="mobile/txt__default_Hover_Visited_Drop Correct_5jzhYU2eYr0.png" />
      <file href="mobile/txt__default_Hover_Visited_Disabled_5jzhYU2eYr0.png" />
      <file href="mobile/txt__default_Hover_Visited_Disabled_Drop Correct_5jzhYU2eYr0.png" />
      <file href="mobile/txt__default_Hover_Down_Visited_5jzhYU2eYr0.png" />
      <file href="mobile/txt__default_Hover_Down_Visited_Drop Correct_5jzhYU2eYr0.png" />
      <file href="mobile/txt_Correct_5jzhYU2eYr0.png" />
      <file href="mobile/txt_Correct_Drop Correct_5jzhYU2eYr0.png" />
      <file href="mobile/txt_Correct_Disabled_5jzhYU2eYr0.png" />
      <file href="mobile/txt_Correct_Disabled_Drop Correct_5jzhYU2eYr0.png" />
      <file href="mobile/txt_Correct_Down_5jzhYU2eYr0.png" />
      <file href="mobile/txt_Correct_Down_Drop Correct_5jzhYU2eYr0.png" />
      <file href="mobile/txt_Correct_Visited_5jzhYU2eYr0.png" />
      <file href="mobile/txt_Correct_Visited_Drop Correct_5jzhYU2eYr0.png" />
      <file href="mobile/txt_Correct_Visited_Disabled_5jzhYU2eYr0.png" />
      <file href="mobile/txt_Correct_Visited_Disabled_Drop Correct_5jzhYU2eYr0.png" />
      <file href="mobile/txt_Correct_Down_Visited_5jzhYU2eYr0.png" />
      <file href="mobile/txt_Correct_Down_Visited_Drop Correct_5jzhYU2eYr0.png" />
      <file href="mobile/txt_Correct_Hover_5jzhYU2eYr0.png" />
      <file href="mobile/txt_Correct_Hover_Drop Correct_5jzhYU2eYr0.png" />
      <file href="mobile/txt_Correct_Hover_Disabled_5jzhYU2eYr0.png" />
      <file href="mobile/txt_Correct_Hover_Disabled_Drop Correct_5jzhYU2eYr0.png" />
      <file href="mobile/txt_Correct_Hover_Down_5jzhYU2eYr0.png" />
      <file href="mobile/txt_Correct_Hover_Down_Drop Correct_5jzhYU2eYr0.png" />
      <file href="mobile/txt_Correct_Hover_Visited_5jzhYU2eYr0.png" />
      <file href="mobile/txt_Correct_Hover_Visited_Drop Correct_5jzhYU2eYr0.png" />
      <file href="mobile/txt_Correct_Hover_Visited_Disabled_5jzhYU2eYr0.png" />
      <file href="mobile/txt_Correct_Hover_Visited_Disabled_Drop Correct_5jzhYU2eYr0.png" />
      <file href="mobile/txt_Correct_Hover_Down_Visited_5jzhYU2eYr0.png" />
      <file href="mobile/txt_Correct_Hover_Down_Visited_Drop Correct_5jzhYU2eYr0.png" />
      <file href="mobile/txt__default_6Dy0GuCJien.png" />
      <file href="mobile/txt__default_Drop Correct_6Dy0GuCJien.png" />
      <file href="mobile/txt__default_Disabled_6Dy0GuCJien.png" />
      <file href="mobile/txt__default_Disabled_Drop Correct_6Dy0GuCJien.png" />
      <file href="mobile/txt__default_Down_6Dy0GuCJien.png" />
      <file href="mobile/txt__default_Down_Drop Correct_6Dy0GuCJien.png" />
      <file href="mobile/txt__default_Visited_6Dy0GuCJien.png" />
      <file href="mobile/txt__default_Visited_Drop Correct_6Dy0GuCJien.png" />
      <file href="mobile/txt__default_Visited_Disabled_6Dy0GuCJien.png" />
      <file href="mobile/txt__default_Visited_Disabled_Drop Correct_6Dy0GuCJien.png" />
      <file href="mobile/txt__default_Down_Visited_6Dy0GuCJien.png" />
      <file href="mobile/txt__default_Down_Visited_Drop Correct_6Dy0GuCJien.png" />
      <file href="mobile/txt__default_Hover_6Dy0GuCJien.png" />
      <file href="mobile/txt__default_Hover_Drop Correct_6Dy0GuCJien.png" />
      <file href="mobile/txt__default_Hover_Disabled_6Dy0GuCJien.png" />
      <file href="mobile/txt__default_Hover_Disabled_Drop Correct_6Dy0GuCJien.png" />
      <file href="mobile/txt__default_Hover_Down_6Dy0GuCJien.png" />
      <file href="mobile/txt__default_Hover_Down_Drop Correct_6Dy0GuCJien.png" />
      <file href="mobile/txt__default_Hover_Visited_6Dy0GuCJien.png" />
      <file href="mobile/txt__default_Hover_Visited_Drop Correct_6Dy0GuCJien.png" />
      <file href="mobile/txt__default_Hover_Visited_Disabled_6Dy0GuCJien.png" />
      <file href="mobile/txt__default_Hover_Visited_Disabled_Drop Correct_6Dy0GuCJien.png" />
      <file href="mobile/txt__default_Hover_Down_Visited_6Dy0GuCJien.png" />
      <file href="mobile/txt__default_Hover_Down_Visited_Drop Correct_6Dy0GuCJien.png" />
      <file href="mobile/txt_Correct_6Dy0GuCJien.png" />
      <file href="mobile/txt_Correct_Drop Correct_6Dy0GuCJien.png" />
      <file href="mobile/txt_Correct_Disabled_6Dy0GuCJien.png" />
      <file href="mobile/txt_Correct_Disabled_Drop Correct_6Dy0GuCJien.png" />
      <file href="mobile/txt_Correct_Down_6Dy0GuCJien.png" />
      <file href="mobile/txt_Correct_Down_Drop Correct_6Dy0GuCJien.png" />
      <file href="mobile/txt_Correct_Visited_6Dy0GuCJien.png" />
      <file href="mobile/txt_Correct_Visited_Drop Correct_6Dy0GuCJien.png" />
      <file href="mobile/txt_Correct_Visited_Disabled_6Dy0GuCJien.png" />
      <file href="mobile/txt_Correct_Visited_Disabled_Drop Correct_6Dy0GuCJien.png" />
      <file href="mobile/txt_Correct_Down_Visited_6Dy0GuCJien.png" />
      <file href="mobile/txt_Correct_Down_Visited_Drop Correct_6Dy0GuCJien.png" />
      <file href="mobile/txt_Correct_Hover_6Dy0GuCJien.png" />
      <file href="mobile/txt_Correct_Hover_Drop Correct_6Dy0GuCJien.png" />
      <file href="mobile/txt_Correct_Hover_Disabled_6Dy0GuCJien.png" />
      <file href="mobile/txt_Correct_Hover_Disabled_Drop Correct_6Dy0GuCJien.png" />
      <file href="mobile/txt_Correct_Hover_Down_6Dy0GuCJien.png" />
      <file href="mobile/txt_Correct_Hover_Down_Drop Correct_6Dy0GuCJien.png" />
      <file href="mobile/txt_Correct_Hover_Visited_6Dy0GuCJien.png" />
      <file href="mobile/txt_Correct_Hover_Visited_Drop Correct_6Dy0GuCJien.png" />
      <file href="mobile/txt_Correct_Hover_Visited_Disabled_6Dy0GuCJien.png" />
      <file href="mobile/txt_Correct_Hover_Visited_Disabled_Drop Correct_6Dy0GuCJien.png" />
      <file href="mobile/txt_Correct_Hover_Down_Visited_6Dy0GuCJien.png" />
      <file href="mobile/txt_Correct_Hover_Down_Visited_Drop Correct_6Dy0GuCJien.png" />
      <file href="mobile/txt__default_6OyjSVwCEbU.png" />
      <file href="mobile/txt__default_Drop Correct_6OyjSVwCEbU.png" />
      <file href="mobile/txt__default_Disabled_6OyjSVwCEbU.png" />
      <file href="mobile/txt__default_Disabled_Drop Correct_6OyjSVwCEbU.png" />
      <file href="mobile/txt__default_Down_6OyjSVwCEbU.png" />
      <file href="mobile/txt__default_Down_Drop Correct_6OyjSVwCEbU.png" />
      <file href="mobile/txt__default_Visited_6OyjSVwCEbU.png" />
      <file href="mobile/txt__default_Visited_Drop Correct_6OyjSVwCEbU.png" />
      <file href="mobile/txt__default_Visited_Disabled_6OyjSVwCEbU.png" />
      <file href="mobile/txt__default_Visited_Disabled_Drop Correct_6OyjSVwCEbU.png" />
      <file href="mobile/txt__default_Down_Visited_6OyjSVwCEbU.png" />
      <file href="mobile/txt__default_Down_Visited_Drop Correct_6OyjSVwCEbU.png" />
      <file href="mobile/txt__default_Hover_6OyjSVwCEbU.png" />
      <file href="mobile/txt__default_Hover_Drop Correct_6OyjSVwCEbU.png" />
      <file href="mobile/txt__default_Hover_Disabled_6OyjSVwCEbU.png" />
      <file href="mobile/txt__default_Hover_Disabled_Drop Correct_6OyjSVwCEbU.png" />
      <file href="mobile/txt__default_Hover_Down_6OyjSVwCEbU.png" />
      <file href="mobile/txt__default_Hover_Down_Drop Correct_6OyjSVwCEbU.png" />
      <file href="mobile/txt__default_Hover_Visited_6OyjSVwCEbU.png" />
      <file href="mobile/txt__default_Hover_Visited_Drop Correct_6OyjSVwCEbU.png" />
      <file href="mobile/txt__default_Hover_Visited_Disabled_6OyjSVwCEbU.png" />
      <file href="mobile/txt__default_Hover_Visited_Disabled_Drop Correct_6OyjSVwCEbU.png" />
      <file href="mobile/txt__default_Hover_Down_Visited_6OyjSVwCEbU.png" />
      <file href="mobile/txt__default_Hover_Down_Visited_Drop Correct_6OyjSVwCEbU.png" />
      <file href="mobile/txt_Correct_6OyjSVwCEbU.png" />
      <file href="mobile/txt_Correct_Drop Correct_6OyjSVwCEbU.png" />
      <file href="mobile/txt_Correct_Disabled_6OyjSVwCEbU.png" />
      <file href="mobile/txt_Correct_Disabled_Drop Correct_6OyjSVwCEbU.png" />
      <file href="mobile/txt_Correct_Down_6OyjSVwCEbU.png" />
      <file href="mobile/txt_Correct_Down_Drop Correct_6OyjSVwCEbU.png" />
      <file href="mobile/txt_Correct_Visited_6OyjSVwCEbU.png" />
      <file href="mobile/txt_Correct_Visited_Drop Correct_6OyjSVwCEbU.png" />
      <file href="mobile/txt_Correct_Visited_Disabled_6OyjSVwCEbU.png" />
      <file href="mobile/txt_Correct_Visited_Disabled_Drop Correct_6OyjSVwCEbU.png" />
      <file href="mobile/txt_Correct_Down_Visited_6OyjSVwCEbU.png" />
      <file href="mobile/txt_Correct_Down_Visited_Drop Correct_6OyjSVwCEbU.png" />
      <file href="mobile/txt_Correct_Hover_6OyjSVwCEbU.png" />
      <file href="mobile/txt_Correct_Hover_Drop Correct_6OyjSVwCEbU.png" />
      <file href="mobile/txt_Correct_Hover_Disabled_6OyjSVwCEbU.png" />
      <file href="mobile/txt_Correct_Hover_Disabled_Drop Correct_6OyjSVwCEbU.png" />
      <file href="mobile/txt_Correct_Hover_Down_6OyjSVwCEbU.png" />
      <file href="mobile/txt_Correct_Hover_Down_Drop Correct_6OyjSVwCEbU.png" />
      <file href="mobile/txt_Correct_Hover_Visited_6OyjSVwCEbU.png" />
      <file href="mobile/txt_Correct_Hover_Visited_Drop Correct_6OyjSVwCEbU.png" />
      <file href="mobile/txt_Correct_Hover_Visited_Disabled_6OyjSVwCEbU.png" />
      <file href="mobile/txt_Correct_Hover_Visited_Disabled_Drop Correct_6OyjSVwCEbU.png" />
      <file href="mobile/txt_Correct_Hover_Down_Visited_6OyjSVwCEbU.png" />
      <file href="mobile/txt_Correct_Hover_Down_Visited_Drop Correct_6OyjSVwCEbU.png" />
      <file href="mobile/Shape5j2cV9XBcHA.png" />
      <file href="mobile/Shape6VDN5qkYRE7.png" />
      <file href="mobile/txt__default_5VQ5D6D9ica.png" />
      <file href="mobile/txt__default_Drop Correct_5VQ5D6D9ica.png" />
      <file href="mobile/txt__default_Disabled_5VQ5D6D9ica.png" />
      <file href="mobile/txt__default_Disabled_Drop Correct_5VQ5D6D9ica.png" />
      <file href="mobile/txt__default_Down_5VQ5D6D9ica.png" />
      <file href="mobile/txt__default_Down_Drop Correct_5VQ5D6D9ica.png" />
      <file href="mobile/txt__default_Visited_5VQ5D6D9ica.png" />
      <file href="mobile/txt__default_Visited_Drop Correct_5VQ5D6D9ica.png" />
      <file href="mobile/txt__default_Visited_Disabled_5VQ5D6D9ica.png" />
      <file href="mobile/txt__default_Visited_Disabled_Drop Correct_5VQ5D6D9ica.png" />
      <file href="mobile/txt__default_Down_Visited_5VQ5D6D9ica.png" />
      <file href="mobile/txt__default_Down_Visited_Drop Correct_5VQ5D6D9ica.png" />
      <file href="mobile/txt__default_Hover_5VQ5D6D9ica.png" />
      <file href="mobile/txt__default_Hover_Drop Correct_5VQ5D6D9ica.png" />
      <file href="mobile/txt__default_Hover_Disabled_5VQ5D6D9ica.png" />
      <file href="mobile/txt__default_Hover_Disabled_Drop Correct_5VQ5D6D9ica.png" />
      <file href="mobile/txt__default_Hover_Down_5VQ5D6D9ica.png" />
      <file href="mobile/txt__default_Hover_Down_Drop Correct_5VQ5D6D9ica.png" />
      <file href="mobile/txt__default_Hover_Visited_5VQ5D6D9ica.png" />
      <file href="mobile/txt__default_Hover_Visited_Drop Correct_5VQ5D6D9ica.png" />
      <file href="mobile/txt__default_Hover_Visited_Disabled_5VQ5D6D9ica.png" />
      <file href="mobile/txt__default_Hover_Visited_Disabled_Drop Correct_5VQ5D6D9ica.png" />
      <file href="mobile/txt__default_Hover_Down_Visited_5VQ5D6D9ica.png" />
      <file href="mobile/txt__default_Hover_Down_Visited_Drop Correct_5VQ5D6D9ica.png" />
      <file href="mobile/txt_Correct_5VQ5D6D9ica.png" />
      <file href="mobile/txt_Correct_Drop Correct_5VQ5D6D9ica.png" />
      <file href="mobile/txt_Correct_Disabled_5VQ5D6D9ica.png" />
      <file href="mobile/txt_Correct_Disabled_Drop Correct_5VQ5D6D9ica.png" />
      <file href="mobile/txt_Correct_Down_5VQ5D6D9ica.png" />
      <file href="mobile/txt_Correct_Down_Drop Correct_5VQ5D6D9ica.png" />
      <file href="mobile/txt_Correct_Visited_5VQ5D6D9ica.png" />
      <file href="mobile/txt_Correct_Visited_Drop Correct_5VQ5D6D9ica.png" />
      <file href="mobile/txt_Correct_Visited_Disabled_5VQ5D6D9ica.png" />
      <file href="mobile/txt_Correct_Visited_Disabled_Drop Correct_5VQ5D6D9ica.png" />
      <file href="mobile/txt_Correct_Down_Visited_5VQ5D6D9ica.png" />
      <file href="mobile/txt_Correct_Down_Visited_Drop Correct_5VQ5D6D9ica.png" />
      <file href="mobile/txt_Correct_Hover_5VQ5D6D9ica.png" />
      <file href="mobile/txt_Correct_Hover_Drop Correct_5VQ5D6D9ica.png" />
      <file href="mobile/txt_Correct_Hover_Disabled_5VQ5D6D9ica.png" />
      <file href="mobile/txt_Correct_Hover_Disabled_Drop Correct_5VQ5D6D9ica.png" />
      <file href="mobile/txt_Correct_Hover_Down_5VQ5D6D9ica.png" />
      <file href="mobile/txt_Correct_Hover_Down_Drop Correct_5VQ5D6D9ica.png" />
      <file href="mobile/txt_Correct_Hover_Visited_5VQ5D6D9ica.png" />
      <file href="mobile/txt_Correct_Hover_Visited_Drop Correct_5VQ5D6D9ica.png" />
      <file href="mobile/txt_Correct_Hover_Visited_Disabled_5VQ5D6D9ica.png" />
      <file href="mobile/txt_Correct_Hover_Visited_Disabled_Drop Correct_5VQ5D6D9ica.png" />
      <file href="mobile/txt_Correct_Hover_Down_Visited_5VQ5D6D9ica.png" />
      <file href="mobile/txt_Correct_Hover_Down_Visited_Drop Correct_5VQ5D6D9ica.png" />
      <file href="mobile/txt__default_5jR1BzGeG5J.png" />
      <file href="mobile/txt__default_Drop Correct_5jR1BzGeG5J.png" />
      <file href="mobile/txt__default_Disabled_5jR1BzGeG5J.png" />
      <file href="mobile/txt__default_Disabled_Drop Correct_5jR1BzGeG5J.png" />
      <file href="mobile/txt__default_Down_5jR1BzGeG5J.png" />
      <file href="mobile/txt__default_Down_Drop Correct_5jR1BzGeG5J.png" />
      <file href="mobile/txt__default_Visited_5jR1BzGeG5J.png" />
      <file href="mobile/txt__default_Visited_Drop Correct_5jR1BzGeG5J.png" />
      <file href="mobile/txt__default_Visited_Disabled_5jR1BzGeG5J.png" />
      <file href="mobile/txt__default_Visited_Disabled_Drop Correct_5jR1BzGeG5J.png" />
      <file href="mobile/txt__default_Down_Visited_5jR1BzGeG5J.png" />
      <file href="mobile/txt__default_Down_Visited_Drop Correct_5jR1BzGeG5J.png" />
      <file href="mobile/txt__default_Hover_5jR1BzGeG5J.png" />
      <file href="mobile/txt__default_Hover_Drop Correct_5jR1BzGeG5J.png" />
      <file href="mobile/txt__default_Hover_Disabled_5jR1BzGeG5J.png" />
      <file href="mobile/txt__default_Hover_Disabled_Drop Correct_5jR1BzGeG5J.png" />
      <file href="mobile/txt__default_Hover_Down_5jR1BzGeG5J.png" />
      <file href="mobile/txt__default_Hover_Down_Drop Correct_5jR1BzGeG5J.png" />
      <file href="mobile/txt__default_Hover_Visited_5jR1BzGeG5J.png" />
      <file href="mobile/txt__default_Hover_Visited_Drop Correct_5jR1BzGeG5J.png" />
      <file href="mobile/txt__default_Hover_Visited_Disabled_5jR1BzGeG5J.png" />
      <file href="mobile/txt__default_Hover_Visited_Disabled_Drop Correct_5jR1BzGeG5J.png" />
      <file href="mobile/txt__default_Hover_Down_Visited_5jR1BzGeG5J.png" />
      <file href="mobile/txt__default_Hover_Down_Visited_Drop Correct_5jR1BzGeG5J.png" />
      <file href="mobile/txt_Correct_5jR1BzGeG5J.png" />
      <file href="mobile/txt_Correct_Drop Correct_5jR1BzGeG5J.png" />
      <file href="mobile/txt_Correct_Disabled_5jR1BzGeG5J.png" />
      <file href="mobile/txt_Correct_Disabled_Drop Correct_5jR1BzGeG5J.png" />
      <file href="mobile/txt_Correct_Down_5jR1BzGeG5J.png" />
      <file href="mobile/txt_Correct_Down_Drop Correct_5jR1BzGeG5J.png" />
      <file href="mobile/txt_Correct_Visited_5jR1BzGeG5J.png" />
      <file href="mobile/txt_Correct_Visited_Drop Correct_5jR1BzGeG5J.png" />
      <file href="mobile/txt_Correct_Visited_Disabled_5jR1BzGeG5J.png" />
      <file href="mobile/txt_Correct_Visited_Disabled_Drop Correct_5jR1BzGeG5J.png" />
      <file href="mobile/txt_Correct_Down_Visited_5jR1BzGeG5J.png" />
      <file href="mobile/txt_Correct_Down_Visited_Drop Correct_5jR1BzGeG5J.png" />
      <file href="mobile/txt_Correct_Hover_5jR1BzGeG5J.png" />
      <file href="mobile/txt_Correct_Hover_Drop Correct_5jR1BzGeG5J.png" />
      <file href="mobile/txt_Correct_Hover_Disabled_5jR1BzGeG5J.png" />
      <file href="mobile/txt_Correct_Hover_Disabled_Drop Correct_5jR1BzGeG5J.png" />
      <file href="mobile/txt_Correct_Hover_Down_5jR1BzGeG5J.png" />
      <file href="mobile/txt_Correct_Hover_Down_Drop Correct_5jR1BzGeG5J.png" />
      <file href="mobile/txt_Correct_Hover_Visited_5jR1BzGeG5J.png" />
      <file href="mobile/txt_Correct_Hover_Visited_Drop Correct_5jR1BzGeG5J.png" />
      <file href="mobile/txt_Correct_Hover_Visited_Disabled_5jR1BzGeG5J.png" />
      <file href="mobile/txt_Correct_Hover_Visited_Disabled_Drop Correct_5jR1BzGeG5J.png" />
      <file href="mobile/txt_Correct_Hover_Down_Visited_5jR1BzGeG5J.png" />
      <file href="mobile/txt_Correct_Hover_Down_Visited_Drop Correct_5jR1BzGeG5J.png" />
      <file href="mobile/txt__default_6T9zc2f3fG5.png" />
      <file href="mobile/txt__default_Drop Correct_6T9zc2f3fG5.png" />
      <file href="mobile/txt__default_Disabled_6T9zc2f3fG5.png" />
      <file href="mobile/txt__default_Disabled_Drop Correct_6T9zc2f3fG5.png" />
      <file href="mobile/txt__default_Down_6T9zc2f3fG5.png" />
      <file href="mobile/txt__default_Down_Drop Correct_6T9zc2f3fG5.png" />
      <file href="mobile/txt__default_Visited_6T9zc2f3fG5.png" />
      <file href="mobile/txt__default_Visited_Drop Correct_6T9zc2f3fG5.png" />
      <file href="mobile/txt__default_Visited_Disabled_6T9zc2f3fG5.png" />
      <file href="mobile/txt__default_Visited_Disabled_Drop Correct_6T9zc2f3fG5.png" />
      <file href="mobile/txt__default_Down_Visited_6T9zc2f3fG5.png" />
      <file href="mobile/txt__default_Down_Visited_Drop Correct_6T9zc2f3fG5.png" />
      <file href="mobile/txt__default_Hover_6T9zc2f3fG5.png" />
      <file href="mobile/txt__default_Hover_Drop Correct_6T9zc2f3fG5.png" />
      <file href="mobile/txt__default_Hover_Disabled_6T9zc2f3fG5.png" />
      <file href="mobile/txt__default_Hover_Disabled_Drop Correct_6T9zc2f3fG5.png" />
      <file href="mobile/txt__default_Hover_Down_6T9zc2f3fG5.png" />
      <file href="mobile/txt__default_Hover_Down_Drop Correct_6T9zc2f3fG5.png" />
      <file href="mobile/txt__default_Hover_Visited_6T9zc2f3fG5.png" />
      <file href="mobile/txt__default_Hover_Visited_Drop Correct_6T9zc2f3fG5.png" />
      <file href="mobile/txt__default_Hover_Visited_Disabled_6T9zc2f3fG5.png" />
      <file href="mobile/txt__default_Hover_Visited_Disabled_Drop Correct_6T9zc2f3fG5.png" />
      <file href="mobile/txt__default_Hover_Down_Visited_6T9zc2f3fG5.png" />
      <file href="mobile/txt__default_Hover_Down_Visited_Drop Correct_6T9zc2f3fG5.png" />
      <file href="mobile/txt_Correct_6T9zc2f3fG5.png" />
      <file href="mobile/txt_Correct_Drop Correct_6T9zc2f3fG5.png" />
      <file href="mobile/txt_Correct_Disabled_6T9zc2f3fG5.png" />
      <file href="mobile/txt_Correct_Disabled_Drop Correct_6T9zc2f3fG5.png" />
      <file href="mobile/txt_Correct_Down_6T9zc2f3fG5.png" />
      <file href="mobile/txt_Correct_Down_Drop Correct_6T9zc2f3fG5.png" />
      <file href="mobile/txt_Correct_Visited_6T9zc2f3fG5.png" />
      <file href="mobile/txt_Correct_Visited_Drop Correct_6T9zc2f3fG5.png" />
      <file href="mobile/txt_Correct_Visited_Disabled_6T9zc2f3fG5.png" />
      <file href="mobile/txt_Correct_Visited_Disabled_Drop Correct_6T9zc2f3fG5.png" />
      <file href="mobile/txt_Correct_Down_Visited_6T9zc2f3fG5.png" />
      <file href="mobile/txt_Correct_Down_Visited_Drop Correct_6T9zc2f3fG5.png" />
      <file href="mobile/txt_Correct_Hover_6T9zc2f3fG5.png" />
      <file href="mobile/txt_Correct_Hover_Drop Correct_6T9zc2f3fG5.png" />
      <file href="mobile/txt_Correct_Hover_Disabled_6T9zc2f3fG5.png" />
      <file href="mobile/txt_Correct_Hover_Disabled_Drop Correct_6T9zc2f3fG5.png" />
      <file href="mobile/txt_Correct_Hover_Down_6T9zc2f3fG5.png" />
      <file href="mobile/txt_Correct_Hover_Down_Drop Correct_6T9zc2f3fG5.png" />
      <file href="mobile/txt_Correct_Hover_Visited_6T9zc2f3fG5.png" />
      <file href="mobile/txt_Correct_Hover_Visited_Drop Correct_6T9zc2f3fG5.png" />
      <file href="mobile/txt_Correct_Hover_Visited_Disabled_6T9zc2f3fG5.png" />
      <file href="mobile/txt_Correct_Hover_Visited_Disabled_Drop Correct_6T9zc2f3fG5.png" />
      <file href="mobile/txt_Correct_Hover_Down_Visited_6T9zc2f3fG5.png" />
      <file href="mobile/txt_Correct_Hover_Down_Visited_Drop Correct_6T9zc2f3fG5.png" />
      <file href="mobile/txt__default_6gPAernyTba.png" />
      <file href="mobile/txt__default_Drop Correct_6gPAernyTba.png" />
      <file href="mobile/txt__default_Disabled_6gPAernyTba.png" />
      <file href="mobile/txt__default_Disabled_Drop Correct_6gPAernyTba.png" />
      <file href="mobile/txt__default_Down_6gPAernyTba.png" />
      <file href="mobile/txt__default_Down_Drop Correct_6gPAernyTba.png" />
      <file href="mobile/txt__default_Visited_6gPAernyTba.png" />
      <file href="mobile/txt__default_Visited_Drop Correct_6gPAernyTba.png" />
      <file href="mobile/txt__default_Visited_Disabled_6gPAernyTba.png" />
      <file href="mobile/txt__default_Visited_Disabled_Drop Correct_6gPAernyTba.png" />
      <file href="mobile/txt__default_Down_Visited_6gPAernyTba.png" />
      <file href="mobile/txt__default_Down_Visited_Drop Correct_6gPAernyTba.png" />
      <file href="mobile/txt__default_Hover_6gPAernyTba.png" />
      <file href="mobile/txt__default_Hover_Drop Correct_6gPAernyTba.png" />
      <file href="mobile/txt__default_Hover_Disabled_6gPAernyTba.png" />
      <file href="mobile/txt__default_Hover_Disabled_Drop Correct_6gPAernyTba.png" />
      <file href="mobile/txt__default_Hover_Down_6gPAernyTba.png" />
      <file href="mobile/txt__default_Hover_Down_Drop Correct_6gPAernyTba.png" />
      <file href="mobile/txt__default_Hover_Visited_6gPAernyTba.png" />
      <file href="mobile/txt__default_Hover_Visited_Drop Correct_6gPAernyTba.png" />
      <file href="mobile/txt__default_Hover_Visited_Disabled_6gPAernyTba.png" />
      <file href="mobile/txt__default_Hover_Visited_Disabled_Drop Correct_6gPAernyTba.png" />
      <file href="mobile/txt__default_Hover_Down_Visited_6gPAernyTba.png" />
      <file href="mobile/txt__default_Hover_Down_Visited_Drop Correct_6gPAernyTba.png" />
      <file href="mobile/txt_Correct_6gPAernyTba.png" />
      <file href="mobile/txt_Correct_Drop Correct_6gPAernyTba.png" />
      <file href="mobile/txt_Correct_Disabled_6gPAernyTba.png" />
      <file href="mobile/txt_Correct_Disabled_Drop Correct_6gPAernyTba.png" />
      <file href="mobile/txt_Correct_Down_6gPAernyTba.png" />
      <file href="mobile/txt_Correct_Down_Drop Correct_6gPAernyTba.png" />
      <file href="mobile/txt_Correct_Visited_6gPAernyTba.png" />
      <file href="mobile/txt_Correct_Visited_Drop Correct_6gPAernyTba.png" />
      <file href="mobile/txt_Correct_Visited_Disabled_6gPAernyTba.png" />
      <file href="mobile/txt_Correct_Visited_Disabled_Drop Correct_6gPAernyTba.png" />
      <file href="mobile/txt_Correct_Down_Visited_6gPAernyTba.png" />
      <file href="mobile/txt_Correct_Down_Visited_Drop Correct_6gPAernyTba.png" />
      <file href="mobile/txt_Correct_Hover_6gPAernyTba.png" />
      <file href="mobile/txt_Correct_Hover_Drop Correct_6gPAernyTba.png" />
      <file href="mobile/txt_Correct_Hover_Disabled_6gPAernyTba.png" />
      <file href="mobile/txt_Correct_Hover_Disabled_Drop Correct_6gPAernyTba.png" />
      <file href="mobile/txt_Correct_Hover_Down_6gPAernyTba.png" />
      <file href="mobile/txt_Correct_Hover_Down_Drop Correct_6gPAernyTba.png" />
      <file href="mobile/txt_Correct_Hover_Visited_6gPAernyTba.png" />
      <file href="mobile/txt_Correct_Hover_Visited_Drop Correct_6gPAernyTba.png" />
      <file href="mobile/txt_Correct_Hover_Visited_Disabled_6gPAernyTba.png" />
      <file href="mobile/txt_Correct_Hover_Visited_Disabled_Drop Correct_6gPAernyTba.png" />
      <file href="mobile/txt_Correct_Hover_Down_Visited_6gPAernyTba.png" />
      <file href="mobile/txt_Correct_Hover_Down_Visited_Drop Correct_6gPAernyTba.png" />
      <file href="mobile/txt__default_6pz8LzZ1z71.png" />
      <file href="mobile/txt__default_Drop Correct_6pz8LzZ1z71.png" />
      <file href="mobile/txt__default_Disabled_6pz8LzZ1z71.png" />
      <file href="mobile/txt__default_Disabled_Drop Correct_6pz8LzZ1z71.png" />
      <file href="mobile/txt__default_Down_6pz8LzZ1z71.png" />
      <file href="mobile/txt__default_Down_Drop Correct_6pz8LzZ1z71.png" />
      <file href="mobile/txt__default_Visited_6pz8LzZ1z71.png" />
      <file href="mobile/txt__default_Visited_Drop Correct_6pz8LzZ1z71.png" />
      <file href="mobile/txt__default_Visited_Disabled_6pz8LzZ1z71.png" />
      <file href="mobile/txt__default_Visited_Disabled_Drop Correct_6pz8LzZ1z71.png" />
      <file href="mobile/txt__default_Down_Visited_6pz8LzZ1z71.png" />
      <file href="mobile/txt__default_Down_Visited_Drop Correct_6pz8LzZ1z71.png" />
      <file href="mobile/txt__default_Hover_6pz8LzZ1z71.png" />
      <file href="mobile/txt__default_Hover_Drop Correct_6pz8LzZ1z71.png" />
      <file href="mobile/txt__default_Hover_Disabled_6pz8LzZ1z71.png" />
      <file href="mobile/txt__default_Hover_Disabled_Drop Correct_6pz8LzZ1z71.png" />
      <file href="mobile/txt__default_Hover_Down_6pz8LzZ1z71.png" />
      <file href="mobile/txt__default_Hover_Down_Drop Correct_6pz8LzZ1z71.png" />
      <file href="mobile/txt__default_Hover_Visited_6pz8LzZ1z71.png" />
      <file href="mobile/txt__default_Hover_Visited_Drop Correct_6pz8LzZ1z71.png" />
      <file href="mobile/txt__default_Hover_Visited_Disabled_6pz8LzZ1z71.png" />
      <file href="mobile/txt__default_Hover_Visited_Disabled_Drop Correct_6pz8LzZ1z71.png" />
      <file href="mobile/txt__default_Hover_Down_Visited_6pz8LzZ1z71.png" />
      <file href="mobile/txt__default_Hover_Down_Visited_Drop Correct_6pz8LzZ1z71.png" />
      <file href="mobile/txt_Correct_6pz8LzZ1z71.png" />
      <file href="mobile/txt_Correct_Drop Correct_6pz8LzZ1z71.png" />
      <file href="mobile/txt_Correct_Disabled_6pz8LzZ1z71.png" />
      <file href="mobile/txt_Correct_Disabled_Drop Correct_6pz8LzZ1z71.png" />
      <file href="mobile/txt_Correct_Down_6pz8LzZ1z71.png" />
      <file href="mobile/txt_Correct_Down_Drop Correct_6pz8LzZ1z71.png" />
      <file href="mobile/txt_Correct_Visited_6pz8LzZ1z71.png" />
      <file href="mobile/txt_Correct_Visited_Drop Correct_6pz8LzZ1z71.png" />
      <file href="mobile/txt_Correct_Visited_Disabled_6pz8LzZ1z71.png" />
      <file href="mobile/txt_Correct_Visited_Disabled_Drop Correct_6pz8LzZ1z71.png" />
      <file href="mobile/txt_Correct_Down_Visited_6pz8LzZ1z71.png" />
      <file href="mobile/txt_Correct_Down_Visited_Drop Correct_6pz8LzZ1z71.png" />
      <file href="mobile/txt_Correct_Hover_6pz8LzZ1z71.png" />
      <file href="mobile/txt_Correct_Hover_Drop Correct_6pz8LzZ1z71.png" />
      <file href="mobile/txt_Correct_Hover_Disabled_6pz8LzZ1z71.png" />
      <file href="mobile/txt_Correct_Hover_Disabled_Drop Correct_6pz8LzZ1z71.png" />
      <file href="mobile/txt_Correct_Hover_Down_6pz8LzZ1z71.png" />
      <file href="mobile/txt_Correct_Hover_Down_Drop Correct_6pz8LzZ1z71.png" />
      <file href="mobile/txt_Correct_Hover_Visited_6pz8LzZ1z71.png" />
      <file href="mobile/txt_Correct_Hover_Visited_Drop Correct_6pz8LzZ1z71.png" />
      <file href="mobile/txt_Correct_Hover_Visited_Disabled_6pz8LzZ1z71.png" />
      <file href="mobile/txt_Correct_Hover_Visited_Disabled_Drop Correct_6pz8LzZ1z71.png" />
      <file href="mobile/txt_Correct_Hover_Down_Visited_6pz8LzZ1z71.png" />
      <file href="mobile/txt_Correct_Hover_Down_Visited_Drop Correct_6pz8LzZ1z71.png" />
      <file href="mobile/txt__default_5p5i95D2wMk.png" />
      <file href="mobile/txt__default_Drop Correct_5p5i95D2wMk.png" />
      <file href="mobile/txt__default_Disabled_5p5i95D2wMk.png" />
      <file href="mobile/txt__default_Disabled_Drop Correct_5p5i95D2wMk.png" />
      <file href="mobile/txt__default_Down_5p5i95D2wMk.png" />
      <file href="mobile/txt__default_Down_Drop Correct_5p5i95D2wMk.png" />
      <file href="mobile/txt__default_Visited_5p5i95D2wMk.png" />
      <file href="mobile/txt__default_Visited_Drop Correct_5p5i95D2wMk.png" />
      <file href="mobile/txt__default_Visited_Disabled_5p5i95D2wMk.png" />
      <file href="mobile/txt__default_Visited_Disabled_Drop Correct_5p5i95D2wMk.png" />
      <file href="mobile/txt__default_Down_Visited_5p5i95D2wMk.png" />
      <file href="mobile/txt__default_Down_Visited_Drop Correct_5p5i95D2wMk.png" />
      <file href="mobile/txt__default_Hover_5p5i95D2wMk.png" />
      <file href="mobile/txt__default_Hover_Drop Correct_5p5i95D2wMk.png" />
      <file href="mobile/txt__default_Hover_Disabled_5p5i95D2wMk.png" />
      <file href="mobile/txt__default_Hover_Disabled_Drop Correct_5p5i95D2wMk.png" />
      <file href="mobile/txt__default_Hover_Down_5p5i95D2wMk.png" />
      <file href="mobile/txt__default_Hover_Down_Drop Correct_5p5i95D2wMk.png" />
      <file href="mobile/txt__default_Hover_Visited_5p5i95D2wMk.png" />
      <file href="mobile/txt__default_Hover_Visited_Drop Correct_5p5i95D2wMk.png" />
      <file href="mobile/txt__default_Hover_Visited_Disabled_5p5i95D2wMk.png" />
      <file href="mobile/txt__default_Hover_Visited_Disabled_Drop Correct_5p5i95D2wMk.png" />
      <file href="mobile/txt__default_Hover_Down_Visited_5p5i95D2wMk.png" />
      <file href="mobile/txt__default_Hover_Down_Visited_Drop Correct_5p5i95D2wMk.png" />
      <file href="mobile/txt_Correct_5p5i95D2wMk.png" />
      <file href="mobile/txt_Correct_Drop Correct_5p5i95D2wMk.png" />
      <file href="mobile/txt_Correct_Disabled_5p5i95D2wMk.png" />
      <file href="mobile/txt_Correct_Disabled_Drop Correct_5p5i95D2wMk.png" />
      <file href="mobile/txt_Correct_Down_5p5i95D2wMk.png" />
      <file href="mobile/txt_Correct_Down_Drop Correct_5p5i95D2wMk.png" />
      <file href="mobile/txt_Correct_Visited_5p5i95D2wMk.png" />
      <file href="mobile/txt_Correct_Visited_Drop Correct_5p5i95D2wMk.png" />
      <file href="mobile/txt_Correct_Visited_Disabled_5p5i95D2wMk.png" />
      <file href="mobile/txt_Correct_Visited_Disabled_Drop Correct_5p5i95D2wMk.png" />
      <file href="mobile/txt_Correct_Down_Visited_5p5i95D2wMk.png" />
      <file href="mobile/txt_Correct_Down_Visited_Drop Correct_5p5i95D2wMk.png" />
      <file href="mobile/txt_Correct_Hover_5p5i95D2wMk.png" />
      <file href="mobile/txt_Correct_Hover_Drop Correct_5p5i95D2wMk.png" />
      <file href="mobile/txt_Correct_Hover_Disabled_5p5i95D2wMk.png" />
      <file href="mobile/txt_Correct_Hover_Disabled_Drop Correct_5p5i95D2wMk.png" />
      <file href="mobile/txt_Correct_Hover_Down_5p5i95D2wMk.png" />
      <file href="mobile/txt_Correct_Hover_Down_Drop Correct_5p5i95D2wMk.png" />
      <file href="mobile/txt_Correct_Hover_Visited_5p5i95D2wMk.png" />
      <file href="mobile/txt_Correct_Hover_Visited_Drop Correct_5p5i95D2wMk.png" />
      <file href="mobile/txt_Correct_Hover_Visited_Disabled_5p5i95D2wMk.png" />
      <file href="mobile/txt_Correct_Hover_Visited_Disabled_Drop Correct_5p5i95D2wMk.png" />
      <file href="mobile/txt_Correct_Hover_Down_Visited_5p5i95D2wMk.png" />
      <file href="mobile/txt_Correct_Hover_Down_Visited_Drop Correct_5p5i95D2wMk.png" />
      <file href="mobile/txt__default_67aAHIUfJk1.png" />
      <file href="mobile/txt__default_Drop Correct_67aAHIUfJk1.png" />
      <file href="mobile/txt__default_Disabled_67aAHIUfJk1.png" />
      <file href="mobile/txt__default_Disabled_Drop Correct_67aAHIUfJk1.png" />
      <file href="mobile/txt__default_Down_67aAHIUfJk1.png" />
      <file href="mobile/txt__default_Down_Drop Correct_67aAHIUfJk1.png" />
      <file href="mobile/txt__default_Visited_67aAHIUfJk1.png" />
      <file href="mobile/txt__default_Visited_Drop Correct_67aAHIUfJk1.png" />
      <file href="mobile/txt__default_Visited_Disabled_67aAHIUfJk1.png" />
      <file href="mobile/txt__default_Visited_Disabled_Drop Correct_67aAHIUfJk1.png" />
      <file href="mobile/txt__default_Down_Visited_67aAHIUfJk1.png" />
      <file href="mobile/txt__default_Down_Visited_Drop Correct_67aAHIUfJk1.png" />
      <file href="mobile/txt__default_Hover_67aAHIUfJk1.png" />
      <file href="mobile/txt__default_Hover_Drop Correct_67aAHIUfJk1.png" />
      <file href="mobile/txt__default_Hover_Disabled_67aAHIUfJk1.png" />
      <file href="mobile/txt__default_Hover_Disabled_Drop Correct_67aAHIUfJk1.png" />
      <file href="mobile/txt__default_Hover_Down_67aAHIUfJk1.png" />
      <file href="mobile/txt__default_Hover_Down_Drop Correct_67aAHIUfJk1.png" />
      <file href="mobile/txt__default_Hover_Visited_67aAHIUfJk1.png" />
      <file href="mobile/txt__default_Hover_Visited_Drop Correct_67aAHIUfJk1.png" />
      <file href="mobile/txt__default_Hover_Visited_Disabled_67aAHIUfJk1.png" />
      <file href="mobile/txt__default_Hover_Visited_Disabled_Drop Correct_67aAHIUfJk1.png" />
      <file href="mobile/txt__default_Hover_Down_Visited_67aAHIUfJk1.png" />
      <file href="mobile/txt__default_Hover_Down_Visited_Drop Correct_67aAHIUfJk1.png" />
      <file href="mobile/txt_Correct_67aAHIUfJk1.png" />
      <file href="mobile/txt_Correct_Drop Correct_67aAHIUfJk1.png" />
      <file href="mobile/txt_Correct_Disabled_67aAHIUfJk1.png" />
      <file href="mobile/txt_Correct_Disabled_Drop Correct_67aAHIUfJk1.png" />
      <file href="mobile/txt_Correct_Down_67aAHIUfJk1.png" />
      <file href="mobile/txt_Correct_Down_Drop Correct_67aAHIUfJk1.png" />
      <file href="mobile/txt_Correct_Visited_67aAHIUfJk1.png" />
      <file href="mobile/txt_Correct_Visited_Drop Correct_67aAHIUfJk1.png" />
      <file href="mobile/txt_Correct_Visited_Disabled_67aAHIUfJk1.png" />
      <file href="mobile/txt_Correct_Visited_Disabled_Drop Correct_67aAHIUfJk1.png" />
      <file href="mobile/txt_Correct_Down_Visited_67aAHIUfJk1.png" />
      <file href="mobile/txt_Correct_Down_Visited_Drop Correct_67aAHIUfJk1.png" />
      <file href="mobile/txt_Correct_Hover_67aAHIUfJk1.png" />
      <file href="mobile/txt_Correct_Hover_Drop Correct_67aAHIUfJk1.png" />
      <file href="mobile/txt_Correct_Hover_Disabled_67aAHIUfJk1.png" />
      <file href="mobile/txt_Correct_Hover_Disabled_Drop Correct_67aAHIUfJk1.png" />
      <file href="mobile/txt_Correct_Hover_Down_67aAHIUfJk1.png" />
      <file href="mobile/txt_Correct_Hover_Down_Drop Correct_67aAHIUfJk1.png" />
      <file href="mobile/txt_Correct_Hover_Visited_67aAHIUfJk1.png" />
      <file href="mobile/txt_Correct_Hover_Visited_Drop Correct_67aAHIUfJk1.png" />
      <file href="mobile/txt_Correct_Hover_Visited_Disabled_67aAHIUfJk1.png" />
      <file href="mobile/txt_Correct_Hover_Visited_Disabled_Drop Correct_67aAHIUfJk1.png" />
      <file href="mobile/txt_Correct_Hover_Down_Visited_67aAHIUfJk1.png" />
      <file href="mobile/txt_Correct_Hover_Down_Visited_Drop Correct_67aAHIUfJk1.png" />
      <file href="mobile/txt__default_6MUzuFgzt2v.png" />
      <file href="mobile/txt__default_Drop Correct_6MUzuFgzt2v.png" />
      <file href="mobile/txt__default_Disabled_6MUzuFgzt2v.png" />
      <file href="mobile/txt__default_Disabled_Drop Correct_6MUzuFgzt2v.png" />
      <file href="mobile/txt__default_Down_6MUzuFgzt2v.png" />
      <file href="mobile/txt__default_Down_Drop Correct_6MUzuFgzt2v.png" />
      <file href="mobile/txt__default_Visited_6MUzuFgzt2v.png" />
      <file href="mobile/txt__default_Visited_Drop Correct_6MUzuFgzt2v.png" />
      <file href="mobile/txt__default_Visited_Disabled_6MUzuFgzt2v.png" />
      <file href="mobile/txt__default_Visited_Disabled_Drop Correct_6MUzuFgzt2v.png" />
      <file href="mobile/txt__default_Down_Visited_6MUzuFgzt2v.png" />
      <file href="mobile/txt__default_Down_Visited_Drop Correct_6MUzuFgzt2v.png" />
      <file href="mobile/txt__default_Hover_6MUzuFgzt2v.png" />
      <file href="mobile/txt__default_Hover_Drop Correct_6MUzuFgzt2v.png" />
      <file href="mobile/txt__default_Hover_Disabled_6MUzuFgzt2v.png" />
      <file href="mobile/txt__default_Hover_Disabled_Drop Correct_6MUzuFgzt2v.png" />
      <file href="mobile/txt__default_Hover_Down_6MUzuFgzt2v.png" />
      <file href="mobile/txt__default_Hover_Down_Drop Correct_6MUzuFgzt2v.png" />
      <file href="mobile/txt__default_Hover_Visited_6MUzuFgzt2v.png" />
      <file href="mobile/txt__default_Hover_Visited_Drop Correct_6MUzuFgzt2v.png" />
      <file href="mobile/txt__default_Hover_Visited_Disabled_6MUzuFgzt2v.png" />
      <file href="mobile/txt__default_Hover_Visited_Disabled_Drop Correct_6MUzuFgzt2v.png" />
      <file href="mobile/txt__default_Hover_Down_Visited_6MUzuFgzt2v.png" />
      <file href="mobile/txt__default_Hover_Down_Visited_Drop Correct_6MUzuFgzt2v.png" />
      <file href="mobile/txt_Correct_6MUzuFgzt2v.png" />
      <file href="mobile/txt_Correct_Drop Correct_6MUzuFgzt2v.png" />
      <file href="mobile/txt_Correct_Disabled_6MUzuFgzt2v.png" />
      <file href="mobile/txt_Correct_Disabled_Drop Correct_6MUzuFgzt2v.png" />
      <file href="mobile/txt_Correct_Down_6MUzuFgzt2v.png" />
      <file href="mobile/txt_Correct_Down_Drop Correct_6MUzuFgzt2v.png" />
      <file href="mobile/txt_Correct_Visited_6MUzuFgzt2v.png" />
      <file href="mobile/txt_Correct_Visited_Drop Correct_6MUzuFgzt2v.png" />
      <file href="mobile/txt_Correct_Visited_Disabled_6MUzuFgzt2v.png" />
      <file href="mobile/txt_Correct_Visited_Disabled_Drop Correct_6MUzuFgzt2v.png" />
      <file href="mobile/txt_Correct_Down_Visited_6MUzuFgzt2v.png" />
      <file href="mobile/txt_Correct_Down_Visited_Drop Correct_6MUzuFgzt2v.png" />
      <file href="mobile/txt_Correct_Hover_6MUzuFgzt2v.png" />
      <file href="mobile/txt_Correct_Hover_Drop Correct_6MUzuFgzt2v.png" />
      <file href="mobile/txt_Correct_Hover_Disabled_6MUzuFgzt2v.png" />
      <file href="mobile/txt_Correct_Hover_Disabled_Drop Correct_6MUzuFgzt2v.png" />
      <file href="mobile/txt_Correct_Hover_Down_6MUzuFgzt2v.png" />
      <file href="mobile/txt_Correct_Hover_Down_Drop Correct_6MUzuFgzt2v.png" />
      <file href="mobile/txt_Correct_Hover_Visited_6MUzuFgzt2v.png" />
      <file href="mobile/txt_Correct_Hover_Visited_Drop Correct_6MUzuFgzt2v.png" />
      <file href="mobile/txt_Correct_Hover_Visited_Disabled_6MUzuFgzt2v.png" />
      <file href="mobile/txt_Correct_Hover_Visited_Disabled_Drop Correct_6MUzuFgzt2v.png" />
      <file href="mobile/txt_Correct_Hover_Down_Visited_6MUzuFgzt2v.png" />
      <file href="mobile/txt_Correct_Hover_Down_Visited_Drop Correct_6MUzuFgzt2v.png" />
      <file href="mobile/txt__default_62ADBBrbRqg.png" />
      <file href="mobile/txt__default_Drop Correct_62ADBBrbRqg.png" />
      <file href="mobile/txt__default_Disabled_62ADBBrbRqg.png" />
      <file href="mobile/txt__default_Disabled_Drop Correct_62ADBBrbRqg.png" />
      <file href="mobile/txt__default_Down_62ADBBrbRqg.png" />
      <file href="mobile/txt__default_Down_Drop Correct_62ADBBrbRqg.png" />
      <file href="mobile/txt__default_Visited_62ADBBrbRqg.png" />
      <file href="mobile/txt__default_Visited_Drop Correct_62ADBBrbRqg.png" />
      <file href="mobile/txt__default_Visited_Disabled_62ADBBrbRqg.png" />
      <file href="mobile/txt__default_Visited_Disabled_Drop Correct_62ADBBrbRqg.png" />
      <file href="mobile/txt__default_Down_Visited_62ADBBrbRqg.png" />
      <file href="mobile/txt__default_Down_Visited_Drop Correct_62ADBBrbRqg.png" />
      <file href="mobile/txt__default_Hover_62ADBBrbRqg.png" />
      <file href="mobile/txt__default_Hover_Drop Correct_62ADBBrbRqg.png" />
      <file href="mobile/txt__default_Hover_Disabled_62ADBBrbRqg.png" />
      <file href="mobile/txt__default_Hover_Disabled_Drop Correct_62ADBBrbRqg.png" />
      <file href="mobile/txt__default_Hover_Down_62ADBBrbRqg.png" />
      <file href="mobile/txt__default_Hover_Down_Drop Correct_62ADBBrbRqg.png" />
      <file href="mobile/txt__default_Hover_Visited_62ADBBrbRqg.png" />
      <file href="mobile/txt__default_Hover_Visited_Drop Correct_62ADBBrbRqg.png" />
      <file href="mobile/txt__default_Hover_Visited_Disabled_62ADBBrbRqg.png" />
      <file href="mobile/txt__default_Hover_Visited_Disabled_Drop Correct_62ADBBrbRqg.png" />
      <file href="mobile/txt__default_Hover_Down_Visited_62ADBBrbRqg.png" />
      <file href="mobile/txt__default_Hover_Down_Visited_Drop Correct_62ADBBrbRqg.png" />
      <file href="mobile/txt_Correct_62ADBBrbRqg.png" />
      <file href="mobile/txt_Correct_Drop Correct_62ADBBrbRqg.png" />
      <file href="mobile/txt_Correct_Disabled_62ADBBrbRqg.png" />
      <file href="mobile/txt_Correct_Disabled_Drop Correct_62ADBBrbRqg.png" />
      <file href="mobile/txt_Correct_Down_62ADBBrbRqg.png" />
      <file href="mobile/txt_Correct_Down_Drop Correct_62ADBBrbRqg.png" />
      <file href="mobile/txt_Correct_Visited_62ADBBrbRqg.png" />
      <file href="mobile/txt_Correct_Visited_Drop Correct_62ADBBrbRqg.png" />
      <file href="mobile/txt_Correct_Visited_Disabled_62ADBBrbRqg.png" />
      <file href="mobile/txt_Correct_Visited_Disabled_Drop Correct_62ADBBrbRqg.png" />
      <file href="mobile/txt_Correct_Down_Visited_62ADBBrbRqg.png" />
      <file href="mobile/txt_Correct_Down_Visited_Drop Correct_62ADBBrbRqg.png" />
      <file href="mobile/txt_Correct_Hover_62ADBBrbRqg.png" />
      <file href="mobile/txt_Correct_Hover_Drop Correct_62ADBBrbRqg.png" />
      <file href="mobile/txt_Correct_Hover_Disabled_62ADBBrbRqg.png" />
      <file href="mobile/txt_Correct_Hover_Disabled_Drop Correct_62ADBBrbRqg.png" />
      <file href="mobile/txt_Correct_Hover_Down_62ADBBrbRqg.png" />
      <file href="mobile/txt_Correct_Hover_Down_Drop Correct_62ADBBrbRqg.png" />
      <file href="mobile/txt_Correct_Hover_Visited_62ADBBrbRqg.png" />
      <file href="mobile/txt_Correct_Hover_Visited_Drop Correct_62ADBBrbRqg.png" />
      <file href="mobile/txt_Correct_Hover_Visited_Disabled_62ADBBrbRqg.png" />
      <file href="mobile/txt_Correct_Hover_Visited_Disabled_Drop Correct_62ADBBrbRqg.png" />
      <file href="mobile/txt_Correct_Hover_Down_Visited_62ADBBrbRqg.png" />
      <file href="mobile/txt_Correct_Hover_Down_Visited_Drop Correct_62ADBBrbRqg.png" />
      <file href="mobile/txt__default_696W2YacIQk.png" />
      <file href="mobile/txt__default_Drop Correct_696W2YacIQk.png" />
      <file href="mobile/txt__default_Disabled_696W2YacIQk.png" />
      <file href="mobile/txt__default_Disabled_Drop Correct_696W2YacIQk.png" />
      <file href="mobile/txt__default_Down_696W2YacIQk.png" />
      <file href="mobile/txt__default_Down_Drop Correct_696W2YacIQk.png" />
      <file href="mobile/txt__default_Visited_696W2YacIQk.png" />
      <file href="mobile/txt__default_Visited_Drop Correct_696W2YacIQk.png" />
      <file href="mobile/txt__default_Visited_Disabled_696W2YacIQk.png" />
      <file href="mobile/txt__default_Visited_Disabled_Drop Correct_696W2YacIQk.png" />
      <file href="mobile/txt__default_Down_Visited_696W2YacIQk.png" />
      <file href="mobile/txt__default_Down_Visited_Drop Correct_696W2YacIQk.png" />
      <file href="mobile/txt__default_Hover_696W2YacIQk.png" />
      <file href="mobile/txt__default_Hover_Drop Correct_696W2YacIQk.png" />
      <file href="mobile/txt__default_Hover_Disabled_696W2YacIQk.png" />
      <file href="mobile/txt__default_Hover_Disabled_Drop Correct_696W2YacIQk.png" />
      <file href="mobile/txt__default_Hover_Down_696W2YacIQk.png" />
      <file href="mobile/txt__default_Hover_Down_Drop Correct_696W2YacIQk.png" />
      <file href="mobile/txt__default_Hover_Visited_696W2YacIQk.png" />
      <file href="mobile/txt__default_Hover_Visited_Drop Correct_696W2YacIQk.png" />
      <file href="mobile/txt__default_Hover_Visited_Disabled_696W2YacIQk.png" />
      <file href="mobile/txt__default_Hover_Visited_Disabled_Drop Correct_696W2YacIQk.png" />
      <file href="mobile/txt__default_Hover_Down_Visited_696W2YacIQk.png" />
      <file href="mobile/txt__default_Hover_Down_Visited_Drop Correct_696W2YacIQk.png" />
      <file href="mobile/txt_Correct_696W2YacIQk.png" />
      <file href="mobile/txt_Correct_Drop Correct_696W2YacIQk.png" />
      <file href="mobile/txt_Correct_Disabled_696W2YacIQk.png" />
      <file href="mobile/txt_Correct_Disabled_Drop Correct_696W2YacIQk.png" />
      <file href="mobile/txt_Correct_Down_696W2YacIQk.png" />
      <file href="mobile/txt_Correct_Down_Drop Correct_696W2YacIQk.png" />
      <file href="mobile/txt_Correct_Visited_696W2YacIQk.png" />
      <file href="mobile/txt_Correct_Visited_Drop Correct_696W2YacIQk.png" />
      <file href="mobile/txt_Correct_Visited_Disabled_696W2YacIQk.png" />
      <file href="mobile/txt_Correct_Visited_Disabled_Drop Correct_696W2YacIQk.png" />
      <file href="mobile/txt_Correct_Down_Visited_696W2YacIQk.png" />
      <file href="mobile/txt_Correct_Down_Visited_Drop Correct_696W2YacIQk.png" />
      <file href="mobile/txt_Correct_Hover_696W2YacIQk.png" />
      <file href="mobile/txt_Correct_Hover_Drop Correct_696W2YacIQk.png" />
      <file href="mobile/txt_Correct_Hover_Disabled_696W2YacIQk.png" />
      <file href="mobile/txt_Correct_Hover_Disabled_Drop Correct_696W2YacIQk.png" />
      <file href="mobile/txt_Correct_Hover_Down_696W2YacIQk.png" />
      <file href="mobile/txt_Correct_Hover_Down_Drop Correct_696W2YacIQk.png" />
      <file href="mobile/txt_Correct_Hover_Visited_696W2YacIQk.png" />
      <file href="mobile/txt_Correct_Hover_Visited_Drop Correct_696W2YacIQk.png" />
      <file href="mobile/txt_Correct_Hover_Visited_Disabled_696W2YacIQk.png" />
      <file href="mobile/txt_Correct_Hover_Visited_Disabled_Drop Correct_696W2YacIQk.png" />
      <file href="mobile/txt_Correct_Hover_Down_Visited_696W2YacIQk.png" />
      <file href="mobile/txt_Correct_Hover_Down_Visited_Drop Correct_696W2YacIQk.png" />
      <file href="mobile/txt__default_5ZCP9YOSNoD.png" />
      <file href="mobile/txt__default_Drop Correct_5ZCP9YOSNoD.png" />
      <file href="mobile/txt__default_Disabled_5ZCP9YOSNoD.png" />
      <file href="mobile/txt__default_Disabled_Drop Correct_5ZCP9YOSNoD.png" />
      <file href="mobile/txt__default_Down_5ZCP9YOSNoD.png" />
      <file href="mobile/txt__default_Down_Drop Correct_5ZCP9YOSNoD.png" />
      <file href="mobile/txt__default_Visited_5ZCP9YOSNoD.png" />
      <file href="mobile/txt__default_Visited_Drop Correct_5ZCP9YOSNoD.png" />
      <file href="mobile/txt__default_Visited_Disabled_5ZCP9YOSNoD.png" />
      <file href="mobile/txt__default_Visited_Disabled_Drop Correct_5ZCP9YOSNoD.png" />
      <file href="mobile/txt__default_Down_Visited_5ZCP9YOSNoD.png" />
      <file href="mobile/txt__default_Down_Visited_Drop Correct_5ZCP9YOSNoD.png" />
      <file href="mobile/txt__default_Hover_5ZCP9YOSNoD.png" />
      <file href="mobile/txt__default_Hover_Drop Correct_5ZCP9YOSNoD.png" />
      <file href="mobile/txt__default_Hover_Disabled_5ZCP9YOSNoD.png" />
      <file href="mobile/txt__default_Hover_Disabled_Drop Correct_5ZCP9YOSNoD.png" />
      <file href="mobile/txt__default_Hover_Down_5ZCP9YOSNoD.png" />
      <file href="mobile/txt__default_Hover_Down_Drop Correct_5ZCP9YOSNoD.png" />
      <file href="mobile/txt__default_Hover_Visited_5ZCP9YOSNoD.png" />
      <file href="mobile/txt__default_Hover_Visited_Drop Correct_5ZCP9YOSNoD.png" />
      <file href="mobile/txt__default_Hover_Visited_Disabled_5ZCP9YOSNoD.png" />
      <file href="mobile/txt__default_Hover_Visited_Disabled_Drop Correct_5ZCP9YOSNoD.png" />
      <file href="mobile/txt__default_Hover_Down_Visited_5ZCP9YOSNoD.png" />
      <file href="mobile/txt__default_Hover_Down_Visited_Drop Correct_5ZCP9YOSNoD.png" />
      <file href="mobile/txt_Correct_5ZCP9YOSNoD.png" />
      <file href="mobile/txt_Correct_Drop Correct_5ZCP9YOSNoD.png" />
      <file href="mobile/txt_Correct_Disabled_5ZCP9YOSNoD.png" />
      <file href="mobile/txt_Correct_Disabled_Drop Correct_5ZCP9YOSNoD.png" />
      <file href="mobile/txt_Correct_Down_5ZCP9YOSNoD.png" />
      <file href="mobile/txt_Correct_Down_Drop Correct_5ZCP9YOSNoD.png" />
      <file href="mobile/txt_Correct_Visited_5ZCP9YOSNoD.png" />
      <file href="mobile/txt_Correct_Visited_Drop Correct_5ZCP9YOSNoD.png" />
      <file href="mobile/txt_Correct_Visited_Disabled_5ZCP9YOSNoD.png" />
      <file href="mobile/txt_Correct_Visited_Disabled_Drop Correct_5ZCP9YOSNoD.png" />
      <file href="mobile/txt_Correct_Down_Visited_5ZCP9YOSNoD.png" />
      <file href="mobile/txt_Correct_Down_Visited_Drop Correct_5ZCP9YOSNoD.png" />
      <file href="mobile/txt_Correct_Hover_5ZCP9YOSNoD.png" />
      <file href="mobile/txt_Correct_Hover_Drop Correct_5ZCP9YOSNoD.png" />
      <file href="mobile/txt_Correct_Hover_Disabled_5ZCP9YOSNoD.png" />
      <file href="mobile/txt_Correct_Hover_Disabled_Drop Correct_5ZCP9YOSNoD.png" />
      <file href="mobile/txt_Correct_Hover_Down_5ZCP9YOSNoD.png" />
      <file href="mobile/txt_Correct_Hover_Down_Drop Correct_5ZCP9YOSNoD.png" />
      <file href="mobile/txt_Correct_Hover_Visited_5ZCP9YOSNoD.png" />
      <file href="mobile/txt_Correct_Hover_Visited_Drop Correct_5ZCP9YOSNoD.png" />
      <file href="mobile/txt_Correct_Hover_Visited_Disabled_5ZCP9YOSNoD.png" />
      <file href="mobile/txt_Correct_Hover_Visited_Disabled_Drop Correct_5ZCP9YOSNoD.png" />
      <file href="mobile/txt_Correct_Hover_Down_Visited_5ZCP9YOSNoD.png" />
      <file href="mobile/txt_Correct_Hover_Down_Visited_Drop Correct_5ZCP9YOSNoD.png" />
      <file href="mobile/txt__default_6DRo0NDguX3.png" />
      <file href="mobile/txt__default_Drop Correct_6DRo0NDguX3.png" />
      <file href="mobile/txt__default_Disabled_6DRo0NDguX3.png" />
      <file href="mobile/txt__default_Disabled_Drop Correct_6DRo0NDguX3.png" />
      <file href="mobile/txt__default_Down_6DRo0NDguX3.png" />
      <file href="mobile/txt__default_Down_Drop Correct_6DRo0NDguX3.png" />
      <file href="mobile/txt__default_Visited_6DRo0NDguX3.png" />
      <file href="mobile/txt__default_Visited_Drop Correct_6DRo0NDguX3.png" />
      <file href="mobile/txt__default_Visited_Disabled_6DRo0NDguX3.png" />
      <file href="mobile/txt__default_Visited_Disabled_Drop Correct_6DRo0NDguX3.png" />
      <file href="mobile/txt__default_Down_Visited_6DRo0NDguX3.png" />
      <file href="mobile/txt__default_Down_Visited_Drop Correct_6DRo0NDguX3.png" />
      <file href="mobile/txt__default_Hover_6DRo0NDguX3.png" />
      <file href="mobile/txt__default_Hover_Drop Correct_6DRo0NDguX3.png" />
      <file href="mobile/txt__default_Hover_Disabled_6DRo0NDguX3.png" />
      <file href="mobile/txt__default_Hover_Disabled_Drop Correct_6DRo0NDguX3.png" />
      <file href="mobile/txt__default_Hover_Down_6DRo0NDguX3.png" />
      <file href="mobile/txt__default_Hover_Down_Drop Correct_6DRo0NDguX3.png" />
      <file href="mobile/txt__default_Hover_Visited_6DRo0NDguX3.png" />
      <file href="mobile/txt__default_Hover_Visited_Drop Correct_6DRo0NDguX3.png" />
      <file href="mobile/txt__default_Hover_Visited_Disabled_6DRo0NDguX3.png" />
      <file href="mobile/txt__default_Hover_Visited_Disabled_Drop Correct_6DRo0NDguX3.png" />
      <file href="mobile/txt__default_Hover_Down_Visited_6DRo0NDguX3.png" />
      <file href="mobile/txt__default_Hover_Down_Visited_Drop Correct_6DRo0NDguX3.png" />
      <file href="mobile/txt_Correct_6DRo0NDguX3.png" />
      <file href="mobile/txt_Correct_Drop Correct_6DRo0NDguX3.png" />
      <file href="mobile/txt_Correct_Disabled_6DRo0NDguX3.png" />
      <file href="mobile/txt_Correct_Disabled_Drop Correct_6DRo0NDguX3.png" />
      <file href="mobile/txt_Correct_Down_6DRo0NDguX3.png" />
      <file href="mobile/txt_Correct_Down_Drop Correct_6DRo0NDguX3.png" />
      <file href="mobile/txt_Correct_Visited_6DRo0NDguX3.png" />
      <file href="mobile/txt_Correct_Visited_Drop Correct_6DRo0NDguX3.png" />
      <file href="mobile/txt_Correct_Visited_Disabled_6DRo0NDguX3.png" />
      <file href="mobile/txt_Correct_Visited_Disabled_Drop Correct_6DRo0NDguX3.png" />
      <file href="mobile/txt_Correct_Down_Visited_6DRo0NDguX3.png" />
      <file href="mobile/txt_Correct_Down_Visited_Drop Correct_6DRo0NDguX3.png" />
      <file href="mobile/txt_Correct_Hover_6DRo0NDguX3.png" />
      <file href="mobile/txt_Correct_Hover_Drop Correct_6DRo0NDguX3.png" />
      <file href="mobile/txt_Correct_Hover_Disabled_6DRo0NDguX3.png" />
      <file href="mobile/txt_Correct_Hover_Disabled_Drop Correct_6DRo0NDguX3.png" />
      <file href="mobile/txt_Correct_Hover_Down_6DRo0NDguX3.png" />
      <file href="mobile/txt_Correct_Hover_Down_Drop Correct_6DRo0NDguX3.png" />
      <file href="mobile/txt_Correct_Hover_Visited_6DRo0NDguX3.png" />
      <file href="mobile/txt_Correct_Hover_Visited_Drop Correct_6DRo0NDguX3.png" />
      <file href="mobile/txt_Correct_Hover_Visited_Disabled_6DRo0NDguX3.png" />
      <file href="mobile/txt_Correct_Hover_Visited_Disabled_Drop Correct_6DRo0NDguX3.png" />
      <file href="mobile/txt_Correct_Hover_Down_Visited_6DRo0NDguX3.png" />
      <file href="mobile/txt_Correct_Hover_Down_Visited_Drop Correct_6DRo0NDguX3.png" />
      <file href="mobile/Shape6LEBDFqHgWj.png" />
      <file href="mobile/Shape6185U1TSXD9.png" />
      <file href="mobile/txt__default_5tbEaqydG5W.png" />
      <file href="mobile/txt__default_6GieNykdKQr.png" />
      <file href="mobile/txt__default_Drop Correct_6GieNykdKQr.png" />
      <file href="mobile/txt__default_Disabled_6GieNykdKQr.png" />
      <file href="mobile/txt__default_Disabled_Drop Correct_6GieNykdKQr.png" />
      <file href="mobile/txt__default_Down_6GieNykdKQr.png" />
      <file href="mobile/txt__default_Down_Drop Correct_6GieNykdKQr.png" />
      <file href="mobile/txt__default_Visited_6GieNykdKQr.png" />
      <file href="mobile/txt__default_Visited_Drop Correct_6GieNykdKQr.png" />
      <file href="mobile/txt__default_Visited_Disabled_6GieNykdKQr.png" />
      <file href="mobile/txt__default_Visited_Disabled_Drop Correct_6GieNykdKQr.png" />
      <file href="mobile/txt__default_Down_Visited_6GieNykdKQr.png" />
      <file href="mobile/txt__default_Down_Visited_Drop Correct_6GieNykdKQr.png" />
      <file href="mobile/txt__default_Hover_6GieNykdKQr.png" />
      <file href="mobile/txt__default_Hover_Drop Correct_6GieNykdKQr.png" />
      <file href="mobile/txt__default_Hover_Disabled_6GieNykdKQr.png" />
      <file href="mobile/txt__default_Hover_Disabled_Drop Correct_6GieNykdKQr.png" />
      <file href="mobile/txt__default_Hover_Down_6GieNykdKQr.png" />
      <file href="mobile/txt__default_Hover_Down_Drop Correct_6GieNykdKQr.png" />
      <file href="mobile/txt__default_Hover_Visited_6GieNykdKQr.png" />
      <file href="mobile/txt__default_Hover_Visited_Drop Correct_6GieNykdKQr.png" />
      <file href="mobile/txt__default_Hover_Visited_Disabled_6GieNykdKQr.png" />
      <file href="mobile/txt__default_Hover_Visited_Disabled_Drop Correct_6GieNykdKQr.png" />
      <file href="mobile/txt__default_Hover_Down_Visited_6GieNykdKQr.png" />
      <file href="mobile/txt__default_Hover_Down_Visited_Drop Correct_6GieNykdKQr.png" />
      <file href="mobile/txt_Correct_6GieNykdKQr.png" />
      <file href="mobile/txt_Correct_Drop Correct_6GieNykdKQr.png" />
      <file href="mobile/txt_Correct_Disabled_6GieNykdKQr.png" />
      <file href="mobile/txt_Correct_Disabled_Drop Correct_6GieNykdKQr.png" />
      <file href="mobile/txt_Correct_Down_6GieNykdKQr.png" />
      <file href="mobile/txt_Correct_Down_Drop Correct_6GieNykdKQr.png" />
      <file href="mobile/txt_Correct_Visited_6GieNykdKQr.png" />
      <file href="mobile/txt_Correct_Visited_Drop Correct_6GieNykdKQr.png" />
      <file href="mobile/txt_Correct_Visited_Disabled_6GieNykdKQr.png" />
      <file href="mobile/txt_Correct_Visited_Disabled_Drop Correct_6GieNykdKQr.png" />
      <file href="mobile/txt_Correct_Down_Visited_6GieNykdKQr.png" />
      <file href="mobile/txt_Correct_Down_Visited_Drop Correct_6GieNykdKQr.png" />
      <file href="mobile/txt_Correct_Hover_6GieNykdKQr.png" />
      <file href="mobile/txt_Correct_Hover_Drop Correct_6GieNykdKQr.png" />
      <file href="mobile/txt_Correct_Hover_Disabled_6GieNykdKQr.png" />
      <file href="mobile/txt_Correct_Hover_Disabled_Drop Correct_6GieNykdKQr.png" />
      <file href="mobile/txt_Correct_Hover_Down_6GieNykdKQr.png" />
      <file href="mobile/txt_Correct_Hover_Down_Drop Correct_6GieNykdKQr.png" />
      <file href="mobile/txt_Correct_Hover_Visited_6GieNykdKQr.png" />
      <file href="mobile/txt_Correct_Hover_Visited_Drop Correct_6GieNykdKQr.png" />
      <file href="mobile/txt_Correct_Hover_Visited_Disabled_6GieNykdKQr.png" />
      <file href="mobile/txt_Correct_Hover_Visited_Disabled_Drop Correct_6GieNykdKQr.png" />
      <file href="mobile/txt_Correct_Hover_Down_Visited_6GieNykdKQr.png" />
      <file href="mobile/txt_Correct_Hover_Down_Visited_Drop Correct_6GieNykdKQr.png" />
      <file href="mobile/txt__default_5Y7pCPsWZrg.png" />
      <file href="mobile/txt__default_Drop Correct_5Y7pCPsWZrg.png" />
      <file href="mobile/txt__default_Disabled_5Y7pCPsWZrg.png" />
      <file href="mobile/txt__default_Disabled_Drop Correct_5Y7pCPsWZrg.png" />
      <file href="mobile/txt__default_Down_5Y7pCPsWZrg.png" />
      <file href="mobile/txt__default_Down_Drop Correct_5Y7pCPsWZrg.png" />
      <file href="mobile/txt__default_Visited_5Y7pCPsWZrg.png" />
      <file href="mobile/txt__default_Visited_Drop Correct_5Y7pCPsWZrg.png" />
      <file href="mobile/txt__default_Visited_Disabled_5Y7pCPsWZrg.png" />
      <file href="mobile/txt__default_Visited_Disabled_Drop Correct_5Y7pCPsWZrg.png" />
      <file href="mobile/txt__default_Down_Visited_5Y7pCPsWZrg.png" />
      <file href="mobile/txt__default_Down_Visited_Drop Correct_5Y7pCPsWZrg.png" />
      <file href="mobile/txt__default_Hover_5Y7pCPsWZrg.png" />
      <file href="mobile/txt__default_Hover_Drop Correct_5Y7pCPsWZrg.png" />
      <file href="mobile/txt__default_Hover_Disabled_5Y7pCPsWZrg.png" />
      <file href="mobile/txt__default_Hover_Disabled_Drop Correct_5Y7pCPsWZrg.png" />
      <file href="mobile/txt__default_Hover_Down_5Y7pCPsWZrg.png" />
      <file href="mobile/txt__default_Hover_Down_Drop Correct_5Y7pCPsWZrg.png" />
      <file href="mobile/txt__default_Hover_Visited_5Y7pCPsWZrg.png" />
      <file href="mobile/txt__default_Hover_Visited_Drop Correct_5Y7pCPsWZrg.png" />
      <file href="mobile/txt__default_Hover_Visited_Disabled_5Y7pCPsWZrg.png" />
      <file href="mobile/txt__default_Hover_Visited_Disabled_Drop Correct_5Y7pCPsWZrg.png" />
      <file href="mobile/txt__default_Hover_Down_Visited_5Y7pCPsWZrg.png" />
      <file href="mobile/txt__default_Hover_Down_Visited_Drop Correct_5Y7pCPsWZrg.png" />
      <file href="mobile/txt_Correct_5Y7pCPsWZrg.png" />
      <file href="mobile/txt_Correct_Drop Correct_5Y7pCPsWZrg.png" />
      <file href="mobile/txt_Correct_Disabled_5Y7pCPsWZrg.png" />
      <file href="mobile/txt_Correct_Disabled_Drop Correct_5Y7pCPsWZrg.png" />
      <file href="mobile/txt_Correct_Down_5Y7pCPsWZrg.png" />
      <file href="mobile/txt_Correct_Down_Drop Correct_5Y7pCPsWZrg.png" />
      <file href="mobile/txt_Correct_Visited_5Y7pCPsWZrg.png" />
      <file href="mobile/txt_Correct_Visited_Drop Correct_5Y7pCPsWZrg.png" />
      <file href="mobile/txt_Correct_Visited_Disabled_5Y7pCPsWZrg.png" />
      <file href="mobile/txt_Correct_Visited_Disabled_Drop Correct_5Y7pCPsWZrg.png" />
      <file href="mobile/txt_Correct_Down_Visited_5Y7pCPsWZrg.png" />
      <file href="mobile/txt_Correct_Down_Visited_Drop Correct_5Y7pCPsWZrg.png" />
      <file href="mobile/txt_Correct_Hover_5Y7pCPsWZrg.png" />
      <file href="mobile/txt_Correct_Hover_Drop Correct_5Y7pCPsWZrg.png" />
      <file href="mobile/txt_Correct_Hover_Disabled_5Y7pCPsWZrg.png" />
      <file href="mobile/txt_Correct_Hover_Disabled_Drop Correct_5Y7pCPsWZrg.png" />
      <file href="mobile/txt_Correct_Hover_Down_5Y7pCPsWZrg.png" />
      <file href="mobile/txt_Correct_Hover_Down_Drop Correct_5Y7pCPsWZrg.png" />
      <file href="mobile/txt_Correct_Hover_Visited_5Y7pCPsWZrg.png" />
      <file href="mobile/txt_Correct_Hover_Visited_Drop Correct_5Y7pCPsWZrg.png" />
      <file href="mobile/txt_Correct_Hover_Visited_Disabled_5Y7pCPsWZrg.png" />
      <file href="mobile/txt_Correct_Hover_Visited_Disabled_Drop Correct_5Y7pCPsWZrg.png" />
      <file href="mobile/txt_Correct_Hover_Down_Visited_5Y7pCPsWZrg.png" />
      <file href="mobile/txt_Correct_Hover_Down_Visited_Drop Correct_5Y7pCPsWZrg.png" />
      <file href="mobile/txt__default_5rJ2FVXgf1J.png" />
      <file href="mobile/txt__default_Drop Correct_5rJ2FVXgf1J.png" />
      <file href="mobile/txt__default_Disabled_5rJ2FVXgf1J.png" />
      <file href="mobile/txt__default_Disabled_Drop Correct_5rJ2FVXgf1J.png" />
      <file href="mobile/txt__default_Down_5rJ2FVXgf1J.png" />
      <file href="mobile/txt__default_Down_Drop Correct_5rJ2FVXgf1J.png" />
      <file href="mobile/txt__default_Visited_5rJ2FVXgf1J.png" />
      <file href="mobile/txt__default_Visited_Drop Correct_5rJ2FVXgf1J.png" />
      <file href="mobile/txt__default_Visited_Disabled_5rJ2FVXgf1J.png" />
      <file href="mobile/txt__default_Visited_Disabled_Drop Correct_5rJ2FVXgf1J.png" />
      <file href="mobile/txt__default_Down_Visited_5rJ2FVXgf1J.png" />
      <file href="mobile/txt__default_Down_Visited_Drop Correct_5rJ2FVXgf1J.png" />
      <file href="mobile/txt__default_Hover_5rJ2FVXgf1J.png" />
      <file href="mobile/txt__default_Hover_Drop Correct_5rJ2FVXgf1J.png" />
      <file href="mobile/txt__default_Hover_Disabled_5rJ2FVXgf1J.png" />
      <file href="mobile/txt__default_Hover_Disabled_Drop Correct_5rJ2FVXgf1J.png" />
      <file href="mobile/txt__default_Hover_Down_5rJ2FVXgf1J.png" />
      <file href="mobile/txt__default_Hover_Down_Drop Correct_5rJ2FVXgf1J.png" />
      <file href="mobile/txt__default_Hover_Visited_5rJ2FVXgf1J.png" />
      <file href="mobile/txt__default_Hover_Visited_Drop Correct_5rJ2FVXgf1J.png" />
      <file href="mobile/txt__default_Hover_Visited_Disabled_5rJ2FVXgf1J.png" />
      <file href="mobile/txt__default_Hover_Visited_Disabled_Drop Correct_5rJ2FVXgf1J.png" />
      <file href="mobile/txt__default_Hover_Down_Visited_5rJ2FVXgf1J.png" />
      <file href="mobile/txt__default_Hover_Down_Visited_Drop Correct_5rJ2FVXgf1J.png" />
      <file href="mobile/txt_Correct_5rJ2FVXgf1J.png" />
      <file href="mobile/txt_Correct_Drop Correct_5rJ2FVXgf1J.png" />
      <file href="mobile/txt_Correct_Disabled_5rJ2FVXgf1J.png" />
      <file href="mobile/txt_Correct_Disabled_Drop Correct_5rJ2FVXgf1J.png" />
      <file href="mobile/txt_Correct_Down_5rJ2FVXgf1J.png" />
      <file href="mobile/txt_Correct_Down_Drop Correct_5rJ2FVXgf1J.png" />
      <file href="mobile/txt_Correct_Visited_5rJ2FVXgf1J.png" />
      <file href="mobile/txt_Correct_Visited_Drop Correct_5rJ2FVXgf1J.png" />
      <file href="mobile/txt_Correct_Visited_Disabled_5rJ2FVXgf1J.png" />
      <file href="mobile/txt_Correct_Visited_Disabled_Drop Correct_5rJ2FVXgf1J.png" />
      <file href="mobile/txt_Correct_Down_Visited_5rJ2FVXgf1J.png" />
      <file href="mobile/txt_Correct_Down_Visited_Drop Correct_5rJ2FVXgf1J.png" />
      <file href="mobile/txt_Correct_Hover_5rJ2FVXgf1J.png" />
      <file href="mobile/txt_Correct_Hover_Drop Correct_5rJ2FVXgf1J.png" />
      <file href="mobile/txt_Correct_Hover_Disabled_5rJ2FVXgf1J.png" />
      <file href="mobile/txt_Correct_Hover_Disabled_Drop Correct_5rJ2FVXgf1J.png" />
      <file href="mobile/txt_Correct_Hover_Down_5rJ2FVXgf1J.png" />
      <file href="mobile/txt_Correct_Hover_Down_Drop Correct_5rJ2FVXgf1J.png" />
      <file href="mobile/txt_Correct_Hover_Visited_5rJ2FVXgf1J.png" />
      <file href="mobile/txt_Correct_Hover_Visited_Drop Correct_5rJ2FVXgf1J.png" />
      <file href="mobile/txt_Correct_Hover_Visited_Disabled_5rJ2FVXgf1J.png" />
      <file href="mobile/txt_Correct_Hover_Visited_Disabled_Drop Correct_5rJ2FVXgf1J.png" />
      <file href="mobile/txt_Correct_Hover_Down_Visited_5rJ2FVXgf1J.png" />
      <file href="mobile/txt_Correct_Hover_Down_Visited_Drop Correct_5rJ2FVXgf1J.png" />
      <file href="mobile/Shape6kdiY0NzCsD.png" />
      <file href="mobile/Shape61X3ztJW3ar.png" />
      <file href="mobile/txt__default_6lpIxp4xeXt.png" />
      <file href="html5/data/css/output.min.css" />
      <file href="html5/data/js/5aPLfcnwDfP.js" />
      <file href="html5/data/js/5cTUJynny9B.js" />
      <file href="html5/data/js/5msWitMiYvs.js" />
      <file href="html5/data/js/5nsRzjWujPy.js" />
      <file href="html5/data/js/5qAwgmmiDDe.js" />
      <file href="html5/data/js/5x1TwwoUWez.js" />
      <file href="html5/data/js/68k51gQzbUm.js" />
      <file href="html5/data/js/6emr34U6YsW.js" />
      <file href="html5/data/js/6JOQ16nkW4b.js" />
      <file href="html5/data/js/6kJKEcJWeoP.js" />
      <file href="html5/data/js/6mPPVcvOX8D.js" />
      <file href="html5/data/js/6mvSbaoxOY3.js" />
      <file href="html5/data/js/6qVwheKY52c.js" />
      <file href="html5/data/js/6UYOOKyIQxE.js" />
      <file href="html5/data/js/6WU5tXIzSxr.js" />
      <file href="html5/data/js/data.js" />
      <file href="html5/data/js/frame.js" />
      <file href="html5/data/js/paths.js" />
      <file href="html5/lib/scripts/app.min.js" />
      <file href="html5/lib/stylesheets/main.min.css" />
      <file href="html5/lib/stylesheets/mobile-fonts/open-sans-bold.woff" />
      <file href="html5/lib/stylesheets/mobile-fonts/open-sans-light.woff" />
      <file href="html5/lib/stylesheets/mobile-fonts/open-sans-regular.woff" />
      <file href="story.html" />
      <file href="story_html5.html" />
      <file href="story_content/blank.html" />
      <file href="story_content/story.js" />
      <file href="index_lms.html" />
      <file href="index_lms_html5.html" />
      <file href="lms/AICCComm.html" />
      <file href="lms/AICCFunctions.js" />
      <file href="lms/API.js" />
      <file href="lms/APIConstants.js" />
      <file href="lms/blank.html" />
      <file href="lms/browsersniff.js" />
      <file href="lms/Configuration.js" />
      <file href="lms/goodbye.html" />
      <file href="lms/lms.js" />
      <file href="lms/LMSAPI.js" />
      <file href="lms/NONEFunctions.js" />
      <file href="lms/SCORM2004Functions.js" />
      <file href="lms/SCORMFunctions.js" />
      <file href="lms/UtilityFunctions.js" />
    </resource>
  </resources>
</manifest>