﻿<?xml version="1.0" encoding="utf-8"?><meta xmlns:xsi="http://www.w3.org/2001/XMLSchema-instance" xmlns:xsd="http://www.w3.org/2001/XMLSchema"><project id="636KF2atzT6" courseid="6URZWuRi0IC_course_id" thumburl="story_content/thumbnail.jpg" title="Boolean Bonanza" datepublished="2018-03-08T17:15:12" version="1.0.0.0" flashdata="story_content/data.swf" html5data="mobile/data.json" mobiledata="mobile/data.gz" enabledownload="false" duration="About 13 minutes" totalaudio="0" totalvideo="0"><description>Three of your classmates need help creating search statements. Help them select the best boolean commands for their search statements.</description><keywords /><slidemeta moniker="slide" monikerplural="slides" viewslides="12" slidecountdescription="12 slides" /><author name="Eric Kowalik" email="eric.kowalik@marquette.edu" website="" /><application name="Articulate Storyline" version="3.3.15007.0" xmlversion="4.0" /></project></meta>