﻿<?xml version="1.0" encoding="utf-8"?><meta xmlns:xsi="http://www.w3.org/2001/XMLSchema-instance" xmlns:xsd="http://www.w3.org/2001/XMLSchema"><project id="69u3QAc4SdR" courseid="6L89l367EJZ_course_id" thumburl="story_content/thumbnail.jpg" title="Academic Library Memory" datepublished="2018-03-08T18:11:32" version="1.0.0.0" flashdata="story_content/data.swf" html5data="mobile/data.json" mobiledata="mobile/data.gz" enabledownload="false" duration="About 5 minutes" totalaudio="3183" totalvideo="0"><description>How good is your memory? Test your memory skills by matching 6 images related to academic library research at Marquette.</description><keywords /><slidemeta moniker="slide" monikerplural="slides" viewslides="3" slidecountdescription="3 slides" /><author name="Eric Kowalik" email="" website="" /><application name="Articulate Storyline" version="3.3.15007.0" xmlversion="4.0" /></project></meta>