<?xml version="1.0" standalone="no"?>
<manifest identifier="_5tSoFZHY35s_course_id" version="1.3" xmlns="http://www.imsglobal.org/xsd/imscp_v1p1" xmlns:adlcp="http://www.adlnet.org/xsd/adlcp_v1p3" xmlns:adlseq="http://www.adlnet.org/xsd/adlseq_v1p3" xmlns:adlnav="http://www.adlnet.org/xsd/adlnav_v1p3" xmlns:imsss="http://www.imsglobal.org/xsd/imsss" xmlns:xsi="http://www.w3.org/2001/XMLSchema-instance" xmlns:lom="http://ltsc.ieee.org/xsd/LOM" xsi:schemaLocation="http://www.imsglobal.org/xsd/imscp_v1p1 imscp_v1p1.xsd&#xA;                              http://www.adlnet.org/xsd/adlcp_v1p3 adlcp_v1p3.xsd&#xA;                              http://www.adlnet.org/xsd/adlseq_v1p3 adlseq_v1p3.xsd&#xA;                              http://www.adlnet.org/xsd/adlnav_v1p3 adlnav_v1p3.xsd&#xA;							  http://www.imsglobal.org/xsd/imsss imsss_v1p0.xsd&#xA;							  http://ltsc.ieee.org/xsd/LOM lom.xsd">
  <metadata>
    <schema>ADL SCORM</schema>
    <schemaversion>2004 4th Edition</schemaversion>
    <adlcp:location>metadata.xml</adlcp:location>
  </metadata>
  <organizations default="Academic_Research_Intro_ORG">
    <organization identifier="Academic_Research_Intro_ORG" adlseq:objectivesGlobalToSystem="false">
      <title>Academic Research Intro</title>
      <item identifier="Academic_Research_Intro_SCO" identifierref="__5tSoFZHY35s_course_id_RES" isvisible="true">
        <title>Academic Research Intro</title>
        <imsss:sequencing>
          <imsss:deliveryControls tracked="true" completionSetByContent="true" objectiveSetByContent="true" />
        </imsss:sequencing>
      </item>
      <metadata>
        <adlcp:location>metadata.xml</adlcp:location>
      </metadata>
      <imsss:sequencing>
        <imsss:controlMode choice="true" flow="true" />
      </imsss:sequencing>
    </organization>
  </organizations>
  <resources>
    <resource identifier="__5tSoFZHY35s_course_id_RES" type="webcontent" adlcp:scormType="sco" href="index_lms.html">
      <file href="story_content/thumbnail.jpg" />
      <file href="mobile/5mDTxvEEVyq_80_DX1920_DY1920_CX759_CY844.png" />
      <file href="mobile/6cxjWLUnEwf_80_DX240_DY240_CX120_CY120.png" />
      <file href="mobile/6KLjtNNzpJt_80_DX756_DY756_CX442_CY565.png" />
      <file href="mobile/6AHM7fF8dlX_80_DX158_DY158_CX117_CY88.png" />
      <file href="mobile/6pPGLzfSw9p6Dw7gXqrKBb{Width=641, Height=476}Light_80_DX1282_DY1282_CX641_CY476.jpg" />
      <file href="mobile/5YoUcz3Std95f4DNIsBPcP{Width=640.7693, Height=476}Light_80_DX1282_DY1282_CX641_CY476.jpg" />
      <file href="mobile/5nNDJBtsQ2c_80_DX1440_DY1440_CX1080_CY818.png" />
      <file href="mobile/5yhcFSOhw1N_80_DX448_DY448_CX193_CY224.png" />
      <file href="mobile/6oPx5cQYcyo_80_DX260_DY260_CX130_CY121.jpg" />
      <file href="mobile/6qpwED7nwbO_80_DX746_DY746_CX558_CY244.png" />
      <file href="mobile/6BdoN5xZKeb_80_DX1340_DY1340_CX564_CY767.png" />
      <file href="mobile/5mDTxvEEVyq_80_DX1920_DY1920_CX961_CY1068.png" />
      <file href="meta.xml" />
      <file href="story_content/frame.json" />
      <file href="story_content/user.js" />
      <file href="mobile/Slide62hEGMCvmA0.jpg" />
      <file href="mobile/txt__default_6UxnXM2kUhw.png" />
      <file href="mobile/Slide6UUVf95XbCP.jpg" />
      <file href="mobile/txt__default_5m8gGeSb0NY.png" />
      <file href="mobile/txt__default_5vtTCOwo4yT.png" />
      <file href="mobile/Slide5fH6R44nLbh.jpg" />
      <file href="mobile/txt__default_63VG9dVfxSA.png" />
      <file href="mobile/Shape5f3bLzydvOI.png" />
      <file href="mobile/Slide5ppC1Chj39K.jpg" />
      <file href="mobile/txt__default_6PbfKmYbJdW.png" />
      <file href="mobile/Slide67sKHcDxOnz.jpg" />
      <file href="mobile/txt__default_6OyjsqsIK62.png" />
      <file href="mobile/Slide6E3VpvJdijk.jpg" />
      <file href="mobile/txt__default_6hWjanDrtfQ.png" />
      <file href="mobile/txt__default_5yiRZIQvoAC.png" />
      <file href="mobile/txt__default_6Nvgu0kn1Qe.png" />
      <file href="mobile/txt__default_5aDUWkYtPVG.png" />
      <file href="mobile/txt__default_5awT6rR5c56.png" />
      <file href="mobile/Slide6IIdNSkE53p.jpg" />
      <file href="mobile/Slide5gTJmtxL4rr.jpg" />
      <file href="mobile/Slide61E5aNscoyD.jpg" />
      <file href="mobile/Slide6n9K0mowFcz.jpg" />
      <file href="mobile/Slide6X2VnSeJGcz.jpg" />
      <file href="mobile/Slide5gYu2a0IE9E.jpg" />
      <file href="mobile/Slide6fDWuzjaPxJ.jpg" />
      <file href="mobile/Slide5sGc6lbsv4q.jpg" />
      <file href="mobile/Slide67ffUdCtaW8.jpg" />
      <file href="html5/data/css/output.min.css" />
      <file href="html5/data/js/5bdXLiFdilk.js" />
      <file href="html5/data/js/5ftTDs96tTt.js" />
      <file href="html5/data/js/5psOjwkqC0M.js" />
      <file href="html5/data/js/5qqul399kei.js" />
      <file href="html5/data/js/5s0dJhGfuX6.js" />
      <file href="html5/data/js/5u9d7B1ffng.js" />
      <file href="html5/data/js/5vlDD1gf4V5.js" />
      <file href="html5/data/js/5XeRFmBPShP.js" />
      <file href="html5/data/js/5YmD8jxWoHm.js" />
      <file href="html5/data/js/64A0rDWQ2BX.js" />
      <file href="html5/data/js/6Bwkh4U7nRD.js" />
      <file href="html5/data/js/6ebKeCxdlI6.js" />
      <file href="html5/data/js/6FS9Swav0qv.js" />
      <file href="html5/data/js/6WqOJvOjhqj.js" />
      <file href="html5/data/js/6WvoWUOk5ZS.js" />
      <file href="html5/data/js/data.js" />
      <file href="html5/data/js/frame.js" />
      <file href="html5/data/js/paths.js" />
      <file href="html5/lib/scripts/app.min.js" />
      <file href="html5/lib/stylesheets/main.min.css" />
      <file href="html5/lib/stylesheets/mobile-fonts/open-sans-bold.woff" />
      <file href="html5/lib/stylesheets/mobile-fonts/open-sans-light.woff" />
      <file href="html5/lib/stylesheets/mobile-fonts/open-sans-regular.woff" />
      <file href="story.html" />
      <file href="story_html5.html" />
      <file href="story_content/blank.html" />
      <file href="story_content/story.js" />
      <file href="index_lms.html" />
      <file href="index_lms_html5.html" />
      <file href="lms/AICCComm.html" />
      <file href="lms/AICCFunctions.js" />
      <file href="lms/API.js" />
      <file href="lms/APIConstants.js" />
      <file href="lms/blank.html" />
      <file href="lms/browsersniff.js" />
      <file href="lms/Configuration.js" />
      <file href="lms/goodbye.html" />
      <file href="lms/lms.js" />
      <file href="lms/LMSAPI.js" />
      <file href="lms/NONEFunctions.js" />
      <file href="lms/SCORM2004Functions.js" />
      <file href="lms/SCORMFunctions.js" />
      <file href="lms/UtilityFunctions.js" />
    </resource>
  </resources>
</manifest>