﻿<?xml version="1.0" encoding="utf-8"?><meta xmlns:xsi="http://www.w3.org/2001/XMLSchema-instance" xmlns:xsd="http://www.w3.org/2001/XMLSchema"><project id="66imCEp564W" courseid="5tSoFZHY35s_course_id" thumburl="story_content/thumbnail.jpg" title="Academic Research Intro" datepublished="2018-03-08T17:07:37" version="1.0.0.0" flashdata="story_content/data.swf" html5data="mobile/data.json" mobiledata="mobile/data.gz" enabledownload="false" duration="About 4 minutes" totalaudio="0" totalvideo="0"><description>In this tutorial, you’ll learn a little more about academic library research and how to search the database, Academic Search Complete.</description><keywords /><slidemeta moniker="slide" monikerplural="slides" viewslides="15" slidecountdescription="15 slides" /><author name="Eric Kowalik" email="eric.kowalik@marquette.edu" website="" /><application name="Articulate Storyline" version="3.3.15007.0" xmlversion="4.0" /></project></meta>