<?xml version="1.0" standalone="no"?>
<manifest identifier="_6FAiHlOm26X_course_id" version="1.3" xmlns="http://www.imsglobal.org/xsd/imscp_v1p1" xmlns:adlcp="http://www.adlnet.org/xsd/adlcp_v1p3" xmlns:adlseq="http://www.adlnet.org/xsd/adlseq_v1p3" xmlns:adlnav="http://www.adlnet.org/xsd/adlnav_v1p3" xmlns:imsss="http://www.imsglobal.org/xsd/imsss" xmlns:xsi="http://www.w3.org/2001/XMLSchema-instance" xmlns:lom="http://ltsc.ieee.org/xsd/LOM" xsi:schemaLocation="http://www.imsglobal.org/xsd/imscp_v1p1 imscp_v1p1.xsd&#xA;                              http://www.adlnet.org/xsd/adlcp_v1p3 adlcp_v1p3.xsd&#xA;                              http://www.adlnet.org/xsd/adlseq_v1p3 adlseq_v1p3.xsd&#xA;                              http://www.adlnet.org/xsd/adlnav_v1p3 adlnav_v1p3.xsd&#xA;							  http://www.imsglobal.org/xsd/imsss imsss_v1p0.xsd&#xA;							  http://ltsc.ieee.org/xsd/LOM lom.xsd">
  <metadata>
    <schema>ADL SCORM</schema>
    <schemaversion>2004 4th Edition</schemaversion>
    <adlcp:location>metadata.xml</adlcp:location>
  </metadata>
  <organizations default="The_Party_ORG">
    <organization identifier="The_Party_ORG" adlseq:objectivesGlobalToSystem="false">
      <title>The Party</title>
      <item identifier="The_Party_SCO" identifierref="__6FAiHlOm26X_course_id_RES" isvisible="true">
        <title>The Party</title>
        <imsss:sequencing>
          <imsss:deliveryControls tracked="true" completionSetByContent="true" objectiveSetByContent="true" />
        </imsss:sequencing>
      </item>
      <metadata>
        <adlcp:location>metadata.xml</adlcp:location>
      </metadata>
      <imsss:sequencing>
        <imsss:controlMode choice="true" flow="true" />
      </imsss:sequencing>
    </organization>
  </organizations>
  <resources>
    <resource identifier="__6FAiHlOm26X_course_id_RES" type="webcontent" adlcp:scormType="sco" href="index_lms.html">
      <file href="story_content/thumbnail.jpg" />
      <file href="mobile/6KvMduhgbp1_80_P_431_0_263_540_DX1440_DY1440_CX263_CY540.png" />
      <file href="mobile/5pORJK3C4Ea_80_DX202_DY202_CX119_CY151.png" />
      <file href="mobile/5pORJK3C4Ea_80_RG_DX202_DY202_CX119_CY151.png" />
      <file href="mobile/6Tlph2jnSEk_80_DX202_DY202_CX119_CY151.png" />
      <file href="mobile/6Tlph2jnSEk_80_RG_DX202_DY202_CX119_CY151.png" />
      <file href="mobile/6gJuyGuRfF4_80_DX202_DY202_CX119_CY151.png" />
      <file href="mobile/6gJuyGuRfF4_80_RG_DX202_DY202_CX119_CY151.png" />
      <file href="mobile/67FP0DF9B3y_80_DX202_DY202_CX119_CY151.png" />
      <file href="mobile/67FP0DF9B3y_80_RG_DX202_DY202_CX119_CY151.png" />
      <file href="mobile/6kk8qzg2lS6_80_DX202_DY202_CX119_CY151.png" />
      <file href="mobile/6kk8qzg2lS6_80_RG_DX202_DY202_CX119_CY151.png" />
      <file href="mobile/6TsXjB3CDiO_80_DX202_DY202_CX119_CY151.png" />
      <file href="mobile/6TsXjB3CDiO_80_RG_DX202_DY202_CX119_CY151.png" />
      <file href="mobile/6idIFjKq8qa_80_DX202_DY202_CX119_CY151.png" />
      <file href="mobile/6idIFjKq8qa_80_RG_DX202_DY202_CX119_CY151.png" />
      <file href="mobile/5W0KAbE5Iaf_80_DX202_DY202_CX119_CY151.png" />
      <file href="mobile/5W0KAbE5Iaf_80_RG_DX202_DY202_CX119_CY151.png" />
      <file href="mobile/6KvMduhgbp1_X_80_DX1440_DY1440_CX720_CY540.png" />
      <file href="mobile/6cxjWLUnEwf_80_DX288_DY288_CX144_CY64.png" />
      <file href="mobile/6cxjWLUnEwf_80_DX208_DY208_CX103_CY104.png" />
      <file href="mobile/6cxjWLUnEwf_80_DX208_DY208_CX104_CY104.png" />
      <file href="mobile/69atMGZueTv_80_DX1440_DY1440_CX720_CY540.png" />
      <file href="meta.xml" />
      <file href="story_content/frame.json" />
      <file href="story_content/user.js" />
      <file href="mobile/Slide6G2DDQtkjms.jpg" />
      <file href="mobile/Slide6ETzIBIZkzP.jpg" />
      <file href="html5/data/css/output.min.css" />
      <file href="html5/data/js/5ZBr0KrIZwg.js" />
      <file href="html5/data/js/6agJzeZz9Rf.js" />
      <file href="html5/data/js/data.js" />
      <file href="html5/data/js/frame.js" />
      <file href="html5/data/js/paths.js" />
      <file href="html5/lib/scripts/app.min.js" />
      <file href="html5/lib/stylesheets/main.min.css" />
      <file href="html5/lib/stylesheets/mobile-fonts/open-sans-bold.woff" />
      <file href="html5/lib/stylesheets/mobile-fonts/open-sans-light.woff" />
      <file href="html5/lib/stylesheets/mobile-fonts/open-sans-regular.woff" />
      <file href="story.html" />
      <file href="story_html5.html" />
      <file href="story_content/blank.html" />
      <file href="story_content/story.js" />
      <file href="index_lms.html" />
      <file href="index_lms_html5.html" />
      <file href="lms/AICCComm.html" />
      <file href="lms/AICCFunctions.js" />
      <file href="lms/API.js" />
      <file href="lms/APIConstants.js" />
      <file href="lms/blank.html" />
      <file href="lms/browsersniff.js" />
      <file href="lms/Configuration.js" />
      <file href="lms/goodbye.html" />
      <file href="lms/lms.js" />
      <file href="lms/LMSAPI.js" />
      <file href="lms/NONEFunctions.js" />
      <file href="lms/SCORM2004Functions.js" />
      <file href="lms/SCORMFunctions.js" />
      <file href="lms/UtilityFunctions.js" />
    </resource>
  </resources>
</manifest>