﻿<?xml version="1.0" encoding="utf-8"?><meta xmlns:xsi="http://www.w3.org/2001/XMLSchema-instance" xmlns:xsd="http://www.w3.org/2001/XMLSchema"><project id="6f0GasciREv" courseid="6FAiHlOm26X_course_id" thumburl="story_content/thumbnail.jpg" title="The Party" datepublished="2018-03-08T18:22:07" version="1.0.0.0" flashdata="story_content/data.swf" html5data="mobile/data.json" mobiledata="mobile/data.gz" enabledownload="false" duration="About 12 seconds" totalaudio="0" totalvideo="0"><description>To practice thinking about what sources have in common, this activity will use the metaphor of a party. Invite the three people who you think would be able to find enough common ground to have interesting conversations.</description><keywords /><slidemeta moniker="slide" monikerplural="slides" viewslides="2" slidecountdescription="2 slides" /><author name="Eric Kowalik" email="eric.kowalik@marquette.edu" website="" /><application name="Articulate Storyline" version="3.3.15007.0" xmlversion="4.0" /></project></meta>