<?xml version="1.0" standalone="no"?>
<manifest identifier="_6BcR29HnFCM_course_id" version="1.3" xmlns="http://www.imsglobal.org/xsd/imscp_v1p1" xmlns:adlcp="http://www.adlnet.org/xsd/adlcp_v1p3" xmlns:adlseq="http://www.adlnet.org/xsd/adlseq_v1p3" xmlns:adlnav="http://www.adlnet.org/xsd/adlnav_v1p3" xmlns:imsss="http://www.imsglobal.org/xsd/imsss" xmlns:xsi="http://www.w3.org/2001/XMLSchema-instance" xmlns:lom="http://ltsc.ieee.org/xsd/LOM" xsi:schemaLocation="http://www.imsglobal.org/xsd/imscp_v1p1 imscp_v1p1.xsd&#xA;                              http://www.adlnet.org/xsd/adlcp_v1p3 adlcp_v1p3.xsd&#xA;                              http://www.adlnet.org/xsd/adlseq_v1p3 adlseq_v1p3.xsd&#xA;                              http://www.adlnet.org/xsd/adlnav_v1p3 adlnav_v1p3.xsd&#xA;							  http://www.imsglobal.org/xsd/imsss imsss_v1p0.xsd&#xA;							  http://ltsc.ieee.org/xsd/LOM lom.xsd">
  <metadata>
    <schema>ADL SCORM</schema>
    <schemaversion>2004 4th Edition</schemaversion>
    <adlcp:location>metadata.xml</adlcp:location>
  </metadata>
  <organizations default="Anatomy_of_Citations_(Chicago)_ORG">
    <organization identifier="Anatomy_of_Citations_(Chicago)_ORG" adlseq:objectivesGlobalToSystem="false">
      <title>Anatomy of Citations (Chicago)</title>
      <item identifier="Anatomy_of_Citations_SCO" identifierref="__6BcR29HnFCM_course_id_RES" isvisible="true">
        <title>Anatomy of Citations (Chicago)</title>
        <imsss:sequencing>
          <imsss:deliveryControls tracked="true" completionSetByContent="true" objectiveSetByContent="true" />
        </imsss:sequencing>
      </item>
      <metadata>
        <adlcp:location>metadata.xml</adlcp:location>
      </metadata>
      <imsss:sequencing>
        <imsss:controlMode choice="true" flow="true" />
      </imsss:sequencing>
    </organization>
  </organizations>
  <resources>
    <resource identifier="__6BcR29HnFCM_course_id_RES" type="webcontent" adlcp:scormType="sco" href="index_lms.html">
      <file href="story_content/thumbnail.jpg" />
      <file href="mobile/68YyPQh6YjC_80_DX1072_DY1072_CX537_CY803.jpg" />
      <file href="mobile/6cxjWLUnEwf_80_DX240_DY240_CX120_CY120.png" />
      <file href="mobile/6BdoN5xZKeb_80_DX1340_DY1340_CX564_CY767.png" />
      <file href="mobile/5mDTxvEEVyq_80_DX1920_DY1920_CX961_CY1068.png" />
      <file href="mobile/6oPx5cQYcyo_80_DX260_DY260_CX130_CY121.jpg" />
      <file href="mobile/64vaMzdKfO3_80_DX1200_DY1200_CX600_CY300.png" />
      <file href="mobile/5jAHCXo5iaJ_80_DX764_DY764_CX314_CY382.png" />
      <file href="mobile/5zRNYy2wN2K_80_DX1200_DY1200_CX600_CY300.png" />
      <file href="mobile/65T24HDES61_80_DX1200_DY1200_CX600_CY300.png" />
      <file href="mobile/6VjiegQ8SfS_80_DX1200_DY1200_CX600_CY300.png" />
      <file href="mobile/6MYM5AzNtdn_80_DX1200_DY1200_CX600_CY300.png" />
      <file href="mobile/5mD3BEVa1vt_80_DX1200_DY1200_CX600_CY300.png" />
      <file href="mobile/6gfvAkDThDF_80_DX1200_DY1200_CX600_CY300.png" />
      <file href="mobile/5WT7kayJf7b_80_DX1200_DY1200_CX600_CY300.png" />
      <file href="mobile/6XJTlDnBWMp_80_DX1440_DY1440_CX960_CY540.png" />
      <file href="mobile/5fl25ll4AmR_80_DX1200_DY1200_CX600_CY300.png" />
      <file href="mobile/5kVL0iflT2o_80_DX1200_DY1200_CX600_CY300.png" />
      <file href="mobile/6CZpZXq5zYB_80_DX1200_DY1200_CX600_CY300.png" />
      <file href="mobile/6QHCZo1AI01_80_DX1440_DY1440_CX1080_CY607.png" />
      <file href="mobile/5oT99pBcW4B_80_DX252_DY252_CX188_CY112.png" />
      <file href="mobile/5fSgyUtk3hK_80_DX1700_DY1700_CX1275_CY764.png" />
      <file href="mobile/64JV39KqhUQ_80_DX196_DY196_CX147_CY107.png" />
      <file href="mobile/5ZSooCZXGiG_80_DX1440_DY1440_CX1080_CY607.png" />
      <file href="mobile/6Hue7pvwEsw_80_DX852_DY852_CX638_CY352.png" />
      <file href="mobile/5fuiZTYnupd_80_DX706_DY706_CX529_CY108.png" />
      <file href="mobile/5tOnyUYIyb7_80_DX1440_DY1440_CX1080_CY607.png" />
      <file href="meta.xml" />
      <file href="story_content/frame.json" />
      <file href="story_content/user.js" />
      <file href="mobile/Slide6dOk8Ic9Oqk.jpg" />
      <file href="mobile/Slide6dHwxYZy5WW.jpg" />
      <file href="mobile/Slide5fz0QGfjO2F.jpg" />
      <file href="mobile/txt__default_5Xwc17srodJ.png" />
      <file href="mobile/txt__default_Drop Incorrect_5Xwc17srodJ.png" />
      <file href="mobile/txt__default_Drop Correct_5Xwc17srodJ.png" />
      <file href="mobile/txt__default_6YUxb4Isw5d.png" />
      <file href="mobile/txt__default_Drop Incorrect_6YUxb4Isw5d.png" />
      <file href="mobile/txt__default_Drop Correct_6YUxb4Isw5d.png" />
      <file href="mobile/txt__default_6jeYkfygSKp.png" />
      <file href="mobile/txt__default_Drop Incorrect_6jeYkfygSKp.png" />
      <file href="mobile/txt__default_Drop Correct_6jeYkfygSKp.png" />
      <file href="mobile/txt__default_65Opht3D9LT.png" />
      <file href="mobile/txt__default_Drop Incorrect_65Opht3D9LT.png" />
      <file href="mobile/txt__default_Drop Correct_65Opht3D9LT.png" />
      <file href="mobile/txt__default_5Uzlo3Z0wyN.png" />
      <file href="mobile/txt__default_Drop Incorrect_5Uzlo3Z0wyN.png" />
      <file href="mobile/txt__default_Drop Correct_5Uzlo3Z0wyN.png" />
      <file href="mobile/txt__default_6r0F1qfg8Nd.png" />
      <file href="mobile/txt__default_Drop Incorrect_6r0F1qfg8Nd.png" />
      <file href="mobile/txt__default_Drop Correct_6r0F1qfg8Nd.png" />
      <file href="mobile/txt__default_6q30nCdjxVm.png" />
      <file href="mobile/txt__default_Drop Incorrect_6q30nCdjxVm.png" />
      <file href="mobile/txt__default_Drop Correct_6q30nCdjxVm.png" />
      <file href="mobile/txt__default_63NxjimutlO.png" />
      <file href="mobile/txt__default_Drop Incorrect_63NxjimutlO.png" />
      <file href="mobile/txt__default_Drop Correct_63NxjimutlO.png" />
      <file href="mobile/txt__default_5p7mlsW8Xoq.png" />
      <file href="mobile/txt__default_Drop Incorrect_5p7mlsW8Xoq.png" />
      <file href="mobile/txt__default_Drop Correct_5p7mlsW8Xoq.png" />
      <file href="mobile/txt__default_5yVUqqcxe2w.png" />
      <file href="mobile/txt__default_Drop Incorrect_5yVUqqcxe2w.png" />
      <file href="mobile/txt__default_Drop Correct_5yVUqqcxe2w.png" />
      <file href="mobile/txt__default_6KUJMNRqFwg.png" />
      <file href="mobile/txt__default_Drop Incorrect_6KUJMNRqFwg.png" />
      <file href="mobile/txt__default_Drop Correct_6KUJMNRqFwg.png" />
      <file href="mobile/txt__default_5nljl4CYWyS.png" />
      <file href="mobile/txt__default_Drop Incorrect_5nljl4CYWyS.png" />
      <file href="mobile/txt__default_Drop Correct_5nljl4CYWyS.png" />
      <file href="mobile/txt__default_6gVgfNgfzBs.png" />
      <file href="mobile/txt__default_Drop Incorrect_6gVgfNgfzBs.png" />
      <file href="mobile/txt__default_Drop Correct_6gVgfNgfzBs.png" />
      <file href="mobile/txt__default_69e3hIdCe8Z.png" />
      <file href="mobile/txt__default_Drop Incorrect_69e3hIdCe8Z.png" />
      <file href="mobile/txt__default_Drop Correct_69e3hIdCe8Z.png" />
      <file href="mobile/txt__default_61sIoKhABEU.png" />
      <file href="mobile/txt__default_Drop Incorrect_61sIoKhABEU.png" />
      <file href="mobile/txt__default_Drop Correct_61sIoKhABEU.png" />
      <file href="mobile/txt__default_67bFMB41jZ4.png" />
      <file href="mobile/txt__default_Drop Incorrect_67bFMB41jZ4.png" />
      <file href="mobile/txt__default_Drop Correct_67bFMB41jZ4.png" />
      <file href="mobile/txt__default_6cWZMcMjbql.png" />
      <file href="mobile/txt__default_Drop Incorrect_6cWZMcMjbql.png" />
      <file href="mobile/txt__default_Drop Correct_6cWZMcMjbql.png" />
      <file href="mobile/txt__default_6TSkNcEz2Wk.png" />
      <file href="mobile/txt__default_Drop Incorrect_6TSkNcEz2Wk.png" />
      <file href="mobile/txt__default_Drop Correct_6TSkNcEz2Wk.png" />
      <file href="mobile/txt__default_5aj0K9S9wqo.png" />
      <file href="mobile/txt__default_Drop Incorrect_5aj0K9S9wqo.png" />
      <file href="mobile/txt__default_Drop Correct_5aj0K9S9wqo.png" />
      <file href="mobile/txt__default_60EqYoCRNJU.png" />
      <file href="mobile/txt__default_Drop Incorrect_60EqYoCRNJU.png" />
      <file href="mobile/txt__default_Drop Correct_60EqYoCRNJU.png" />
      <file href="mobile/txt__default_5p6O7oWv2rc.png" />
      <file href="mobile/txt__default_Drop Incorrect_5p6O7oWv2rc.png" />
      <file href="mobile/txt__default_Drop Correct_5p6O7oWv2rc.png" />
      <file href="mobile/txt__default_5vfdWjasudK.png" />
      <file href="mobile/txt__default_Drop Incorrect_5vfdWjasudK.png" />
      <file href="mobile/txt__default_Drop Correct_5vfdWjasudK.png" />
      <file href="mobile/txt__default_6Y2ANw4GCSz.png" />
      <file href="mobile/txt__default_Drop Incorrect_6Y2ANw4GCSz.png" />
      <file href="mobile/txt__default_Drop Correct_6Y2ANw4GCSz.png" />
      <file href="mobile/txt__default_5gH0na63RsB.png" />
      <file href="mobile/txt__default_Drop Incorrect_5gH0na63RsB.png" />
      <file href="mobile/txt__default_Drop Correct_5gH0na63RsB.png" />
      <file href="mobile/txt__default_5yYegJCypGj.png" />
      <file href="mobile/txt__default_Drop Incorrect_5yYegJCypGj.png" />
      <file href="mobile/txt__default_Drop Correct_5yYegJCypGj.png" />
      <file href="mobile/txt__default_5bG5TftmWCA.png" />
      <file href="mobile/txt__default_Drop Incorrect_5bG5TftmWCA.png" />
      <file href="mobile/txt__default_Drop Correct_5bG5TftmWCA.png" />
      <file href="mobile/txt__default_63vh1ifXYj2.png" />
      <file href="mobile/txt__default_Drop Incorrect_63vh1ifXYj2.png" />
      <file href="mobile/txt__default_Drop Correct_63vh1ifXYj2.png" />
      <file href="mobile/txt__default_5u1UwepDOjw.png" />
      <file href="mobile/txt__default_Drop Incorrect_5u1UwepDOjw.png" />
      <file href="mobile/txt__default_Drop Correct_5u1UwepDOjw.png" />
      <file href="mobile/txt__default_6m8h6rZAmev.png" />
      <file href="mobile/txt__default_Drop Incorrect_6m8h6rZAmev.png" />
      <file href="mobile/txt__default_Drop Correct_6m8h6rZAmev.png" />
      <file href="mobile/txt__default_6q3xl4M6Kh1.png" />
      <file href="mobile/txt__default_Drop Incorrect_6q3xl4M6Kh1.png" />
      <file href="mobile/txt__default_Drop Correct_6q3xl4M6Kh1.png" />
      <file href="mobile/txt__default_6XdArmf9ntT.png" />
      <file href="mobile/txt__default_Drop Incorrect_6XdArmf9ntT.png" />
      <file href="mobile/txt__default_Drop Correct_6XdArmf9ntT.png" />
      <file href="mobile/txt__default_6N46bU6sOzg.png" />
      <file href="mobile/txt__default_Drop Incorrect_6N46bU6sOzg.png" />
      <file href="mobile/txt__default_Drop Correct_6N46bU6sOzg.png" />
      <file href="mobile/txt__default_623Lv2LpWzE.png" />
      <file href="mobile/txt__default_Drop Incorrect_623Lv2LpWzE.png" />
      <file href="mobile/txt__default_Drop Correct_623Lv2LpWzE.png" />
      <file href="mobile/txt__default_6jq7ix61Su2.png" />
      <file href="mobile/txt__default_Drop Incorrect_6jq7ix61Su2.png" />
      <file href="mobile/txt__default_Drop Correct_6jq7ix61Su2.png" />
      <file href="mobile/txt__default_5VJqP6yjbF6.png" />
      <file href="mobile/txt__default_Drop Incorrect_5VJqP6yjbF6.png" />
      <file href="mobile/txt__default_Drop Correct_5VJqP6yjbF6.png" />
      <file href="mobile/txt__default_6Uud3OkosOV.png" />
      <file href="mobile/txt__default_Drop Incorrect_6Uud3OkosOV.png" />
      <file href="mobile/txt__default_Drop Correct_6Uud3OkosOV.png" />
      <file href="mobile/txt__default_6ZBzGgJaqqC.png" />
      <file href="mobile/txt__default_Drop Incorrect_6ZBzGgJaqqC.png" />
      <file href="mobile/txt__default_Drop Correct_6ZBzGgJaqqC.png" />
      <file href="mobile/txt__default_5X9K6ilgns7.png" />
      <file href="mobile/txt__default_Drop Incorrect_5X9K6ilgns7.png" />
      <file href="mobile/txt__default_Drop Correct_5X9K6ilgns7.png" />
      <file href="mobile/txt__default_5ec75T30cub.png" />
      <file href="mobile/txt__default_Drop Incorrect_5ec75T30cub.png" />
      <file href="mobile/txt__default_Drop Correct_5ec75T30cub.png" />
      <file href="mobile/txt__default_6bJyzrMDIrh.png" />
      <file href="mobile/txt__default_Drop Incorrect_6bJyzrMDIrh.png" />
      <file href="mobile/txt__default_Drop Correct_6bJyzrMDIrh.png" />
      <file href="mobile/txt__default_5qGNiNmGJXw.png" />
      <file href="mobile/txt__default_Drop Incorrect_5qGNiNmGJXw.png" />
      <file href="mobile/txt__default_Drop Correct_5qGNiNmGJXw.png" />
      <file href="mobile/txt__default_5XCC2dPCUic.png" />
      <file href="mobile/txt__default_Drop Incorrect_5XCC2dPCUic.png" />
      <file href="mobile/txt__default_Drop Correct_5XCC2dPCUic.png" />
      <file href="mobile/txt__default_6UiXWiixlNy.png" />
      <file href="mobile/txt__default_Drop Incorrect_6UiXWiixlNy.png" />
      <file href="mobile/txt__default_Drop Correct_6UiXWiixlNy.png" />
      <file href="mobile/txt__default_6jebaxN7Xcl.png" />
      <file href="mobile/txt__default_Drop Incorrect_6jebaxN7Xcl.png" />
      <file href="mobile/txt__default_Drop Correct_6jebaxN7Xcl.png" />
      <file href="mobile/txt__default_5f02Uq3eGYJ.png" />
      <file href="mobile/txt__default_Drop Incorrect_5f02Uq3eGYJ.png" />
      <file href="mobile/txt__default_Drop Correct_5f02Uq3eGYJ.png" />
      <file href="mobile/txt__default_6X5dXN38oJ1.png" />
      <file href="mobile/txt__default_Drop Incorrect_6X5dXN38oJ1.png" />
      <file href="mobile/txt__default_Drop Correct_6X5dXN38oJ1.png" />
      <file href="mobile/txt__default_6gjffwdHYzC.png" />
      <file href="mobile/txt__default_Drop Incorrect_6gjffwdHYzC.png" />
      <file href="mobile/txt__default_Drop Correct_6gjffwdHYzC.png" />
      <file href="mobile/txt__default_5b2F5uauvCt.png" />
      <file href="mobile/txt__default_Drop Incorrect_5b2F5uauvCt.png" />
      <file href="mobile/txt__default_Drop Correct_5b2F5uauvCt.png" />
      <file href="mobile/txt__default_5yJEA1zzZ5o.png" />
      <file href="mobile/txt__default_Drop Incorrect_5yJEA1zzZ5o.png" />
      <file href="mobile/txt__default_Drop Correct_5yJEA1zzZ5o.png" />
      <file href="mobile/txt__default_62ixeECsvgr.png" />
      <file href="mobile/txt__default_Drop Incorrect_62ixeECsvgr.png" />
      <file href="mobile/txt__default_Drop Correct_62ixeECsvgr.png" />
      <file href="mobile/txt__default_5YTYEthc59b.png" />
      <file href="mobile/txt__default_Drop Incorrect_5YTYEthc59b.png" />
      <file href="mobile/txt__default_Drop Correct_5YTYEthc59b.png" />
      <file href="mobile/txt__default_6DUagJoK4xl.png" />
      <file href="mobile/txt__default_Drop Incorrect_6DUagJoK4xl.png" />
      <file href="mobile/txt__default_Drop Correct_6DUagJoK4xl.png" />
      <file href="mobile/Shape5ZQt3SuRIlK.png" />
      <file href="mobile/_default_Drop Incorrect_Shape5ZQt3SuRIlK.png" />
      <file href="mobile/_default_Drop Correct_Shape5ZQt3SuRIlK.png" />
      <file href="mobile/txt__default_5WhpFRFafyq.png" />
      <file href="mobile/txt__default_Drop Incorrect_5WhpFRFafyq.png" />
      <file href="mobile/txt__default_Drop Correct_5WhpFRFafyq.png" />
      <file href="mobile/txt__default_63Jly4oD6Dk.png" />
      <file href="mobile/txt__default_Drop Incorrect_63Jly4oD6Dk.png" />
      <file href="mobile/txt__default_Drop Correct_63Jly4oD6Dk.png" />
      <file href="mobile/txt__default_5pUCIUajIPI.png" />
      <file href="mobile/txt__default_Drop Incorrect_5pUCIUajIPI.png" />
      <file href="mobile/txt__default_Drop Correct_5pUCIUajIPI.png" />
      <file href="mobile/txt__default_5bruvtfNWoN.png" />
      <file href="mobile/txt__default_Drop Incorrect_5bruvtfNWoN.png" />
      <file href="mobile/txt__default_Drop Correct_5bruvtfNWoN.png" />
      <file href="mobile/txt__default_6Z8cfF34cct.png" />
      <file href="mobile/txt__default_Drop Incorrect_6Z8cfF34cct.png" />
      <file href="mobile/txt__default_Drop Correct_6Z8cfF34cct.png" />
      <file href="mobile/txt__default_6r5FUAyposs.png" />
      <file href="mobile/txt__default_Drop Incorrect_6r5FUAyposs.png" />
      <file href="mobile/txt__default_Drop Correct_6r5FUAyposs.png" />
      <file href="mobile/txt__default_63BztLfhaDx.png" />
      <file href="mobile/txt__default_Drop Incorrect_63BztLfhaDx.png" />
      <file href="mobile/txt__default_Drop Correct_63BztLfhaDx.png" />
      <file href="mobile/txt__default_6RP1xI6lscY.png" />
      <file href="mobile/txt__default_Drop Incorrect_6RP1xI6lscY.png" />
      <file href="mobile/txt__default_Drop Correct_6RP1xI6lscY.png" />
      <file href="mobile/txt__default_6XEkiUKsoKt.png" />
      <file href="mobile/txt__default_Drop Incorrect_6XEkiUKsoKt.png" />
      <file href="mobile/txt__default_Drop Correct_6XEkiUKsoKt.png" />
      <file href="mobile/txt__default_6eTcxwIYuBw.png" />
      <file href="mobile/txt__default_Drop Incorrect_6eTcxwIYuBw.png" />
      <file href="mobile/txt__default_Drop Correct_6eTcxwIYuBw.png" />
      <file href="mobile/txt__default_5n68Q0KDn2x.png" />
      <file href="mobile/txt__default_Drop Incorrect_5n68Q0KDn2x.png" />
      <file href="mobile/txt__default_Drop Correct_5n68Q0KDn2x.png" />
      <file href="mobile/txt__default_5XFAl4qTnnF.png" />
      <file href="mobile/txt__default_Drop Incorrect_5XFAl4qTnnF.png" />
      <file href="mobile/txt__default_Drop Correct_5XFAl4qTnnF.png" />
      <file href="mobile/txt__default_6MU9CphzO5F.png" />
      <file href="mobile/txt__default_Drop Incorrect_6MU9CphzO5F.png" />
      <file href="mobile/txt__default_Drop Correct_6MU9CphzO5F.png" />
      <file href="mobile/Shape6SrpSYmFlOD.png" />
      <file href="mobile/_default_Drop Incorrect_Shape6SrpSYmFlOD.png" />
      <file href="mobile/_default_Drop Correct_Shape6SrpSYmFlOD.png" />
      <file href="mobile/txt__default_5bKA75u9CJ2.png" />
      <file href="mobile/txt__default_Drop Incorrect_5bKA75u9CJ2.png" />
      <file href="mobile/txt__default_Drop Correct_5bKA75u9CJ2.png" />
      <file href="mobile/txt__default_6PORhS3Xic4.png" />
      <file href="mobile/txt__default_Drop Incorrect_6PORhS3Xic4.png" />
      <file href="mobile/txt__default_Drop Correct_6PORhS3Xic4.png" />
      <file href="mobile/txt__default_6VYBEVCLc9l.png" />
      <file href="mobile/txt__default_Drop Incorrect_6VYBEVCLc9l.png" />
      <file href="mobile/txt__default_Drop Correct_6VYBEVCLc9l.png" />
      <file href="mobile/txt__default_5c6ktSgawPa.png" />
      <file href="mobile/txt__default_Drop Incorrect_5c6ktSgawPa.png" />
      <file href="mobile/txt__default_Drop Correct_5c6ktSgawPa.png" />
      <file href="mobile/txt__default_5ZaTAX2lIZi.png" />
      <file href="mobile/txt__default_Drop Incorrect_5ZaTAX2lIZi.png" />
      <file href="mobile/txt__default_Drop Correct_5ZaTAX2lIZi.png" />
      <file href="mobile/txt__default_6i6KZ6yM9Lk.png" />
      <file href="mobile/txt__default_Drop Incorrect_6i6KZ6yM9Lk.png" />
      <file href="mobile/txt__default_Drop Correct_6i6KZ6yM9Lk.png" />
      <file href="mobile/txt__default_6muKqcrjhv9.png" />
      <file href="mobile/txt__default_Drop Incorrect_6muKqcrjhv9.png" />
      <file href="mobile/txt__default_Drop Correct_6muKqcrjhv9.png" />
      <file href="mobile/txt__default_5yxN6uTqJZM.png" />
      <file href="mobile/txt__default_Drop Incorrect_5yxN6uTqJZM.png" />
      <file href="mobile/txt__default_Drop Correct_5yxN6uTqJZM.png" />
      <file href="mobile/txt__default_6442MEttTLy.png" />
      <file href="mobile/txt_Correct_6442MEttTLy.png" />
      <file href="mobile/txt_Incorrect_6442MEttTLy.png" />
      <file href="mobile/txt__default_64u9jN2bNrj.png" />
      <file href="mobile/txt_Correct_64u9jN2bNrj.png" />
      <file href="mobile/txt_Incorrect_64u9jN2bNrj.png" />
      <file href="mobile/txt__default_6Sijmi6eeHG.png" />
      <file href="mobile/txt_Correct_6Sijmi6eeHG.png" />
      <file href="mobile/txt_Incorrect_6Sijmi6eeHG.png" />
      <file href="mobile/txt__default_6mELQWDWYWz.png" />
      <file href="mobile/txt_Correct_6mELQWDWYWz.png" />
      <file href="mobile/txt_Incorrect_6mELQWDWYWz.png" />
      <file href="mobile/txt__default_5oKUV6UcetB.png" />
      <file href="mobile/txt_Correct_5oKUV6UcetB.png" />
      <file href="mobile/txt_Incorrect_5oKUV6UcetB.png" />
      <file href="mobile/txt__default_5nNp9QycLfU.png" />
      <file href="mobile/txt_Correct_5nNp9QycLfU.png" />
      <file href="mobile/txt_Incorrect_5nNp9QycLfU.png" />
      <file href="mobile/txt__default_6WvCZ82Hnzt.png" />
      <file href="mobile/txt_Correct_6WvCZ82Hnzt.png" />
      <file href="mobile/txt_Incorrect_6WvCZ82Hnzt.png" />
      <file href="mobile/txt__default_5dXjG2ikaS9.png" />
      <file href="mobile/txt_Correct_5dXjG2ikaS9.png" />
      <file href="mobile/txt_Incorrect_5dXjG2ikaS9.png" />
      <file href="mobile/txt__default_6ZAbOav4f1t.png" />
      <file href="mobile/txt_Correct_6ZAbOav4f1t.png" />
      <file href="mobile/txt_Incorrect_6ZAbOav4f1t.png" />
      <file href="mobile/txt__default_6c1HYU80MoM.png" />
      <file href="mobile/txt_Correct_6c1HYU80MoM.png" />
      <file href="mobile/txt_Incorrect_6c1HYU80MoM.png" />
      <file href="mobile/txt__default_5XRpsqdjS8L.png" />
      <file href="mobile/txt_Correct_5XRpsqdjS8L.png" />
      <file href="mobile/txt_Incorrect_5XRpsqdjS8L.png" />
      <file href="mobile/txt__default_6QBEY4kFeVG.png" />
      <file href="mobile/txt_Correct_6QBEY4kFeVG.png" />
      <file href="mobile/txt_Incorrect_6QBEY4kFeVG.png" />
      <file href="mobile/txt__default_6lgyF7wN2OA.png" />
      <file href="mobile/txt_Correct_6lgyF7wN2OA.png" />
      <file href="mobile/txt_Incorrect_6lgyF7wN2OA.png" />
      <file href="mobile/txt__default_6Y47aRwgr0h.png" />
      <file href="mobile/txt_Correct_6Y47aRwgr0h.png" />
      <file href="mobile/txt_Incorrect_6Y47aRwgr0h.png" />
      <file href="mobile/txt__default_5ltM1XO2Aid.png" />
      <file href="mobile/txt_Correct_5ltM1XO2Aid.png" />
      <file href="mobile/txt_Incorrect_5ltM1XO2Aid.png" />
      <file href="mobile/txt__default_5XBmL7GYytj.png" />
      <file href="mobile/txt_Correct_5XBmL7GYytj.png" />
      <file href="mobile/txt_Incorrect_5XBmL7GYytj.png" />
      <file href="mobile/txt__default_5cS9BorFAuA.png" />
      <file href="mobile/txt_Correct_5cS9BorFAuA.png" />
      <file href="mobile/txt_Incorrect_5cS9BorFAuA.png" />
      <file href="mobile/txt__default_6A64fpUwIYx.png" />
      <file href="mobile/txt_Correct_6A64fpUwIYx.png" />
      <file href="mobile/txt_Incorrect_6A64fpUwIYx.png" />
      <file href="mobile/txt__default_5dXTl1shJdO.png" />
      <file href="mobile/txt_Correct_5dXTl1shJdO.png" />
      <file href="mobile/txt_Incorrect_5dXTl1shJdO.png" />
      <file href="mobile/txt__default_5evkoB8kLiz.png" />
      <file href="mobile/txt_Correct_5evkoB8kLiz.png" />
      <file href="mobile/txt_Incorrect_5evkoB8kLiz.png" />
      <file href="mobile/txt__default_6YUC2gN6n8h.png" />
      <file href="mobile/txt_Correct_6YUC2gN6n8h.png" />
      <file href="mobile/txt_Incorrect_6YUC2gN6n8h.png" />
      <file href="mobile/txt__default_6361whpClnU.png" />
      <file href="mobile/txt_Correct_6361whpClnU.png" />
      <file href="mobile/txt_Incorrect_6361whpClnU.png" />
      <file href="mobile/txt__default_5yL3jXVEY4r.png" />
      <file href="mobile/txt_Correct_5yL3jXVEY4r.png" />
      <file href="mobile/txt_Incorrect_5yL3jXVEY4r.png" />
      <file href="mobile/txt__default_6gWZ53Qewaq.png" />
      <file href="mobile/txt_Correct_6gWZ53Qewaq.png" />
      <file href="mobile/txt_Incorrect_6gWZ53Qewaq.png" />
      <file href="mobile/txt__default_5mk6Ars1vRr.png" />
      <file href="mobile/txt_Correct_5mk6Ars1vRr.png" />
      <file href="mobile/txt_Incorrect_5mk6Ars1vRr.png" />
      <file href="mobile/txt__default_5XixMXSigac.png" />
      <file href="mobile/txt_Correct_5XixMXSigac.png" />
      <file href="mobile/txt_Incorrect_5XixMXSigac.png" />
      <file href="mobile/txt__default_6HrYwaDZB7F.png" />
      <file href="mobile/txt_Correct_6HrYwaDZB7F.png" />
      <file href="mobile/txt_Incorrect_6HrYwaDZB7F.png" />
      <file href="mobile/txt__default_6Zw9kgaUmUK.png" />
      <file href="mobile/txt_Correct_6Zw9kgaUmUK.png" />
      <file href="mobile/txt_Incorrect_6Zw9kgaUmUK.png" />
      <file href="mobile/txt__default_5Za7n1BfNZ5.png" />
      <file href="mobile/txt_Correct_5Za7n1BfNZ5.png" />
      <file href="mobile/txt_Incorrect_5Za7n1BfNZ5.png" />
      <file href="mobile/txt__default_6noWDd1qtek.png" />
      <file href="mobile/txt_Correct_6noWDd1qtek.png" />
      <file href="mobile/txt_Incorrect_6noWDd1qtek.png" />
      <file href="mobile/txt__default_5zSaMMwm8qS.png" />
      <file href="mobile/txt_Correct_5zSaMMwm8qS.png" />
      <file href="mobile/txt_Incorrect_5zSaMMwm8qS.png" />
      <file href="mobile/txt__default_6fSXPDqKvQM.png" />
      <file href="mobile/txt_Correct_6fSXPDqKvQM.png" />
      <file href="mobile/txt_Incorrect_6fSXPDqKvQM.png" />
      <file href="mobile/txt__default_6qZTgTb6hzH.png" />
      <file href="mobile/txt_Correct_6qZTgTb6hzH.png" />
      <file href="mobile/txt_Incorrect_6qZTgTb6hzH.png" />
      <file href="mobile/txt__default_5gpOICxXbdl.png" />
      <file href="mobile/txt_Correct_5gpOICxXbdl.png" />
      <file href="mobile/txt_Incorrect_5gpOICxXbdl.png" />
      <file href="mobile/txt__default_6QXHYKr8rB8.png" />
      <file href="mobile/txt_Correct_6QXHYKr8rB8.png" />
      <file href="mobile/txt_Incorrect_6QXHYKr8rB8.png" />
      <file href="mobile/txt__default_5VtLCEfKPOi.png" />
      <file href="mobile/txt_Correct_5VtLCEfKPOi.png" />
      <file href="mobile/txt_Incorrect_5VtLCEfKPOi.png" />
      <file href="mobile/txt__default_5ZnylZdqG7c.png" />
      <file href="mobile/txt_Correct_5ZnylZdqG7c.png" />
      <file href="mobile/txt_Incorrect_5ZnylZdqG7c.png" />
      <file href="mobile/txt__default_5y7NVm5Hw3E.png" />
      <file href="mobile/txt_Correct_5y7NVm5Hw3E.png" />
      <file href="mobile/txt_Incorrect_5y7NVm5Hw3E.png" />
      <file href="mobile/txt__default_5ekAZZUYhuZ.png" />
      <file href="mobile/txt_Correct_5ekAZZUYhuZ.png" />
      <file href="mobile/txt_Incorrect_5ekAZZUYhuZ.png" />
      <file href="mobile/txt__default_6aTGnu3JXWg.png" />
      <file href="mobile/txt_Correct_6aTGnu3JXWg.png" />
      <file href="mobile/txt_Incorrect_6aTGnu3JXWg.png" />
      <file href="mobile/txt__default_5vkmfi9q2Rx.png" />
      <file href="mobile/txt_Correct_5vkmfi9q2Rx.png" />
      <file href="mobile/txt_Incorrect_5vkmfi9q2Rx.png" />
      <file href="mobile/txt__default_5UteApB3xNz.png" />
      <file href="mobile/txt_Correct_5UteApB3xNz.png" />
      <file href="mobile/txt_Incorrect_5UteApB3xNz.png" />
      <file href="mobile/txt__default_5kZFzhiIGBC.png" />
      <file href="mobile/txt_Correct_5kZFzhiIGBC.png" />
      <file href="mobile/txt_Incorrect_5kZFzhiIGBC.png" />
      <file href="mobile/txt__default_60zg7PKExtj.png" />
      <file href="mobile/txt_Correct_60zg7PKExtj.png" />
      <file href="mobile/txt_Incorrect_60zg7PKExtj.png" />
      <file href="mobile/txt__default_5tpxgmF2GtO.png" />
      <file href="mobile/txt_Correct_5tpxgmF2GtO.png" />
      <file href="mobile/txt_Incorrect_5tpxgmF2GtO.png" />
      <file href="mobile/txt__default_6Y8nnDh4TNo.png" />
      <file href="mobile/txt_Correct_6Y8nnDh4TNo.png" />
      <file href="mobile/txt_Incorrect_6Y8nnDh4TNo.png" />
      <file href="mobile/txt__default_6ZfnKFDdNOz.png" />
      <file href="mobile/txt_Correct_6ZfnKFDdNOz.png" />
      <file href="mobile/txt_Incorrect_6ZfnKFDdNOz.png" />
      <file href="mobile/txt__default_6GpQaE9FR9j.png" />
      <file href="mobile/txt_Correct_6GpQaE9FR9j.png" />
      <file href="mobile/txt_Incorrect_6GpQaE9FR9j.png" />
      <file href="mobile/txt__default_6ZrgmK7Fqcg.png" />
      <file href="mobile/txt_Correct_6ZrgmK7Fqcg.png" />
      <file href="mobile/txt_Incorrect_6ZrgmK7Fqcg.png" />
      <file href="mobile/txt__default_63C7ikvFflI.png" />
      <file href="mobile/txt_Correct_63C7ikvFflI.png" />
      <file href="mobile/txt_Incorrect_63C7ikvFflI.png" />
      <file href="mobile/txt__default_6L4NbuCpW2j.png" />
      <file href="mobile/txt_Correct_6L4NbuCpW2j.png" />
      <file href="mobile/txt_Incorrect_6L4NbuCpW2j.png" />
      <file href="mobile/txt__default_6Dv7GdqZfKy.png" />
      <file href="mobile/txt_Correct_6Dv7GdqZfKy.png" />
      <file href="mobile/txt_Incorrect_6Dv7GdqZfKy.png" />
      <file href="mobile/Shape62ASchF89h9.png" />
      <file href="mobile/Correct_Shape62ASchF89h9.png" />
      <file href="mobile/Incorrect_Shape62ASchF89h9.png" />
      <file href="mobile/txt__default_5ymjwzHfXT3.png" />
      <file href="mobile/txt_Correct_5ymjwzHfXT3.png" />
      <file href="mobile/txt_Incorrect_5ymjwzHfXT3.png" />
      <file href="mobile/txt__default_6ILIAfZY1eY.png" />
      <file href="mobile/txt_Correct_6ILIAfZY1eY.png" />
      <file href="mobile/txt_Incorrect_6ILIAfZY1eY.png" />
      <file href="mobile/txt__default_6hiSGkneQyT.png" />
      <file href="mobile/txt_Correct_6hiSGkneQyT.png" />
      <file href="mobile/txt_Incorrect_6hiSGkneQyT.png" />
      <file href="mobile/txt__default_5rDhpDsPtwq.png" />
      <file href="mobile/txt_Correct_5rDhpDsPtwq.png" />
      <file href="mobile/txt_Incorrect_5rDhpDsPtwq.png" />
      <file href="mobile/txt__default_6pncyZkxhcX.png" />
      <file href="mobile/txt_Correct_6pncyZkxhcX.png" />
      <file href="mobile/txt_Incorrect_6pncyZkxhcX.png" />
      <file href="mobile/txt__default_6Me40TqTrDM.png" />
      <file href="mobile/txt_Correct_6Me40TqTrDM.png" />
      <file href="mobile/txt_Incorrect_6Me40TqTrDM.png" />
      <file href="mobile/txt__default_60JkYZy3c5d.png" />
      <file href="mobile/txt_Correct_60JkYZy3c5d.png" />
      <file href="mobile/txt_Incorrect_60JkYZy3c5d.png" />
      <file href="mobile/txt__default_6pCBh7CDQWR.png" />
      <file href="mobile/txt_Correct_6pCBh7CDQWR.png" />
      <file href="mobile/txt_Incorrect_6pCBh7CDQWR.png" />
      <file href="mobile/txt__default_5e1O9gdlXpz.png" />
      <file href="mobile/txt_Correct_5e1O9gdlXpz.png" />
      <file href="mobile/txt_Incorrect_5e1O9gdlXpz.png" />
      <file href="mobile/txt__default_6DwdT0DoxAp.png" />
      <file href="mobile/txt_Correct_6DwdT0DoxAp.png" />
      <file href="mobile/txt_Incorrect_6DwdT0DoxAp.png" />
      <file href="mobile/txt__default_6in4hKwx62R.png" />
      <file href="mobile/txt_Correct_6in4hKwx62R.png" />
      <file href="mobile/txt_Incorrect_6in4hKwx62R.png" />
      <file href="mobile/txt__default_6hwqk30lqvi.png" />
      <file href="mobile/txt_Correct_6hwqk30lqvi.png" />
      <file href="mobile/txt_Incorrect_6hwqk30lqvi.png" />
      <file href="mobile/txt__default_6ZZ8f3p0uQK.png" />
      <file href="mobile/txt_Correct_6ZZ8f3p0uQK.png" />
      <file href="mobile/txt_Incorrect_6ZZ8f3p0uQK.png" />
      <file href="mobile/Shape6LMyk7u1oGg.png" />
      <file href="mobile/Correct_Shape6LMyk7u1oGg.png" />
      <file href="mobile/Incorrect_Shape6LMyk7u1oGg.png" />
      <file href="mobile/txt__default_6VHNsrMRTnp.png" />
      <file href="mobile/txt_Correct_6VHNsrMRTnp.png" />
      <file href="mobile/txt_Incorrect_6VHNsrMRTnp.png" />
      <file href="mobile/txt__default_6G5Ffldboub.png" />
      <file href="mobile/txt_Correct_6G5Ffldboub.png" />
      <file href="mobile/txt_Incorrect_6G5Ffldboub.png" />
      <file href="mobile/txt__default_6D5v9rw0Yx4.png" />
      <file href="mobile/txt_Correct_6D5v9rw0Yx4.png" />
      <file href="mobile/txt_Incorrect_6D5v9rw0Yx4.png" />
      <file href="mobile/txt__default_5jla6ZZrwIE.png" />
      <file href="mobile/txt_Correct_5jla6ZZrwIE.png" />
      <file href="mobile/txt_Incorrect_5jla6ZZrwIE.png" />
      <file href="mobile/txt__default_6mBnUtAN06Y.png" />
      <file href="mobile/txt_Correct_6mBnUtAN06Y.png" />
      <file href="mobile/txt_Incorrect_6mBnUtAN06Y.png" />
      <file href="mobile/txt__default_6PTYzOiznS4.png" />
      <file href="mobile/txt_Correct_6PTYzOiznS4.png" />
      <file href="mobile/txt_Incorrect_6PTYzOiznS4.png" />
      <file href="mobile/txt__default_61y5pxiwWXW.png" />
      <file href="mobile/txt_Correct_61y5pxiwWXW.png" />
      <file href="mobile/txt_Incorrect_61y5pxiwWXW.png" />
      <file href="mobile/txt__default_67yk0dvAVDK.png" />
      <file href="mobile/txt_Correct_67yk0dvAVDK.png" />
      <file href="mobile/txt_Incorrect_67yk0dvAVDK.png" />
      <file href="mobile/txt__default_6c5afqDHnCt.png" />
      <file href="mobile/txt_Correct_6c5afqDHnCt.png" />
      <file href="mobile/txt_Incorrect_6c5afqDHnCt.png" />
      <file href="mobile/txt__default_66dhohtaTI7.png" />
      <file href="mobile/txt_Correct_66dhohtaTI7.png" />
      <file href="mobile/txt_Incorrect_66dhohtaTI7.png" />
      <file href="mobile/txt__default_6ARQrMMdP5g.png" />
      <file href="mobile/txt_Correct_6ARQrMMdP5g.png" />
      <file href="mobile/txt_Incorrect_6ARQrMMdP5g.png" />
      <file href="mobile/txt__default_6OVDi4zdYx4.png" />
      <file href="mobile/txt_Correct_6OVDi4zdYx4.png" />
      <file href="mobile/txt_Incorrect_6OVDi4zdYx4.png" />
      <file href="mobile/txt__default_6lFiZGYcpHH.png" />
      <file href="mobile/txt_Correct_6lFiZGYcpHH.png" />
      <file href="mobile/txt_Incorrect_6lFiZGYcpHH.png" />
      <file href="mobile/txt__default_6DDNtKvw8HQ.png" />
      <file href="mobile/txt_Correct_6DDNtKvw8HQ.png" />
      <file href="mobile/txt_Incorrect_6DDNtKvw8HQ.png" />
      <file href="mobile/txt__default_5kq2TKMlcDs.png" />
      <file href="mobile/txt_Correct_5kq2TKMlcDs.png" />
      <file href="mobile/txt_Incorrect_5kq2TKMlcDs.png" />
      <file href="mobile/txt__default_6fjksstXxQ5.png" />
      <file href="mobile/txt_Correct_6fjksstXxQ5.png" />
      <file href="mobile/txt_Incorrect_6fjksstXxQ5.png" />
      <file href="mobile/txt__default_5j2KsL9MW9Z.png" />
      <file href="mobile/txt_Correct_5j2KsL9MW9Z.png" />
      <file href="mobile/txt_Incorrect_5j2KsL9MW9Z.png" />
      <file href="mobile/txt__default_6bCHJb4DwLR.png" />
      <file href="mobile/txt_Correct_6bCHJb4DwLR.png" />
      <file href="mobile/txt_Incorrect_6bCHJb4DwLR.png" />
      <file href="mobile/txt__default_5lvNLGSMM1O.png" />
      <file href="mobile/txt_Correct_5lvNLGSMM1O.png" />
      <file href="mobile/txt_Incorrect_5lvNLGSMM1O.png" />
      <file href="mobile/txt__default_6a3yow31PNp.png" />
      <file href="mobile/txt_Correct_6a3yow31PNp.png" />
      <file href="mobile/txt_Incorrect_6a3yow31PNp.png" />
      <file href="mobile/txt__default_60oHe8UoDRM.png" />
      <file href="mobile/txt_Correct_60oHe8UoDRM.png" />
      <file href="mobile/txt_Incorrect_60oHe8UoDRM.png" />
      <file href="mobile/txt__default_5qTkv4CgNsK.png" />
      <file href="mobile/txt_Correct_5qTkv4CgNsK.png" />
      <file href="mobile/txt_Incorrect_5qTkv4CgNsK.png" />
      <file href="mobile/txt__default_6rUG3KnP2bJ.png" />
      <file href="mobile/txt_Correct_6rUG3KnP2bJ.png" />
      <file href="mobile/txt_Incorrect_6rUG3KnP2bJ.png" />
      <file href="mobile/txt__default_5jph00fzZ4B.png" />
      <file href="mobile/txt_Correct_5jph00fzZ4B.png" />
      <file href="mobile/txt_Incorrect_5jph00fzZ4B.png" />
      <file href="mobile/txt__default_6AvdXXUMfED.png" />
      <file href="mobile/txt_Correct_6AvdXXUMfED.png" />
      <file href="mobile/txt_Incorrect_6AvdXXUMfED.png" />
      <file href="mobile/txt__default_5hKSL4Ny6sa.png" />
      <file href="mobile/txt_Correct_5hKSL4Ny6sa.png" />
      <file href="mobile/txt_Incorrect_5hKSL4Ny6sa.png" />
      <file href="mobile/txt__default_5rigWHyeXUm.png" />
      <file href="mobile/txt_Correct_5rigWHyeXUm.png" />
      <file href="mobile/txt_Incorrect_5rigWHyeXUm.png" />
      <file href="mobile/txt__default_6Mm0XK6Azrq.png" />
      <file href="mobile/txt_Correct_6Mm0XK6Azrq.png" />
      <file href="mobile/txt_Incorrect_6Mm0XK6Azrq.png" />
      <file href="mobile/txt__default_6kEgf6lEgbA.png" />
      <file href="mobile/txt_Correct_6kEgf6lEgbA.png" />
      <file href="mobile/txt_Incorrect_6kEgf6lEgbA.png" />
      <file href="mobile/txt__default_6Fejbmxpftn.png" />
      <file href="mobile/txt_Correct_6Fejbmxpftn.png" />
      <file href="mobile/txt_Incorrect_6Fejbmxpftn.png" />
      <file href="mobile/txt__default_6qlwCeN5wrt.png" />
      <file href="mobile/txt_Correct_6qlwCeN5wrt.png" />
      <file href="mobile/txt_Incorrect_6qlwCeN5wrt.png" />
      <file href="mobile/txt__default_5ohJLAm0I5n.png" />
      <file href="mobile/txt_Correct_5ohJLAm0I5n.png" />
      <file href="mobile/txt_Incorrect_5ohJLAm0I5n.png" />
      <file href="mobile/txt__default_6SrJG8BFtkf.png" />
      <file href="mobile/txt_Correct_6SrJG8BFtkf.png" />
      <file href="mobile/txt_Incorrect_6SrJG8BFtkf.png" />
      <file href="mobile/txt__default_617FTYpnSRK.png" />
      <file href="mobile/txt_Correct_617FTYpnSRK.png" />
      <file href="mobile/txt_Incorrect_617FTYpnSRK.png" />
      <file href="mobile/txt__default_6lCSgosNitz.png" />
      <file href="mobile/txt_Correct_6lCSgosNitz.png" />
      <file href="mobile/txt_Incorrect_6lCSgosNitz.png" />
      <file href="mobile/txt__default_5Zdl7SnItah.png" />
      <file href="mobile/txt_Correct_5Zdl7SnItah.png" />
      <file href="mobile/txt_Incorrect_5Zdl7SnItah.png" />
      <file href="mobile/txt__default_6TVbSuvfnYy.png" />
      <file href="mobile/txt_Correct_6TVbSuvfnYy.png" />
      <file href="mobile/txt_Incorrect_6TVbSuvfnYy.png" />
      <file href="mobile/txt__default_5pDT1yjmCgi.png" />
      <file href="mobile/txt_Correct_5pDT1yjmCgi.png" />
      <file href="mobile/txt_Incorrect_5pDT1yjmCgi.png" />
      <file href="mobile/txt__default_6i5OOplGelQ.png" />
      <file href="mobile/txt_Correct_6i5OOplGelQ.png" />
      <file href="mobile/txt_Incorrect_6i5OOplGelQ.png" />
      <file href="mobile/txt__default_65x2PELAu48.png" />
      <file href="mobile/txt_Correct_65x2PELAu48.png" />
      <file href="mobile/txt_Incorrect_65x2PELAu48.png" />
      <file href="mobile/txt__default_5czuP8nMGeX.png" />
      <file href="mobile/txt_Correct_5czuP8nMGeX.png" />
      <file href="mobile/txt_Incorrect_5czuP8nMGeX.png" />
      <file href="mobile/txt__default_6XhvxoCOKJ7.png" />
      <file href="mobile/txt_Correct_6XhvxoCOKJ7.png" />
      <file href="mobile/txt_Incorrect_6XhvxoCOKJ7.png" />
      <file href="mobile/txt__default_5gAxWtazcOk.png" />
      <file href="mobile/txt_Correct_5gAxWtazcOk.png" />
      <file href="mobile/txt_Incorrect_5gAxWtazcOk.png" />
      <file href="mobile/txt__default_6jo3PBcE5oo.png" />
      <file href="mobile/txt_Correct_6jo3PBcE5oo.png" />
      <file href="mobile/txt_Incorrect_6jo3PBcE5oo.png" />
      <file href="mobile/txt__default_6oZckBaAtNi.png" />
      <file href="mobile/txt_Correct_6oZckBaAtNi.png" />
      <file href="mobile/txt_Incorrect_6oZckBaAtNi.png" />
      <file href="mobile/txt__default_6Txq1kaXby5.png" />
      <file href="mobile/txt_Correct_6Txq1kaXby5.png" />
      <file href="mobile/txt_Incorrect_6Txq1kaXby5.png" />
      <file href="mobile/txt__default_6LoJKG6vy1u.png" />
      <file href="mobile/txt_Correct_6LoJKG6vy1u.png" />
      <file href="mobile/txt_Incorrect_6LoJKG6vy1u.png" />
      <file href="mobile/txt__default_67LNq2vbQ1L.png" />
      <file href="mobile/txt_Correct_67LNq2vbQ1L.png" />
      <file href="mobile/txt_Incorrect_67LNq2vbQ1L.png" />
      <file href="mobile/txt__default_61UR5HXo1hu.png" />
      <file href="mobile/txt_Correct_61UR5HXo1hu.png" />
      <file href="mobile/txt_Incorrect_61UR5HXo1hu.png" />
      <file href="mobile/txt__default_62hwMcIMEkE.png" />
      <file href="mobile/txt_Correct_62hwMcIMEkE.png" />
      <file href="mobile/txt_Incorrect_62hwMcIMEkE.png" />
      <file href="mobile/txt__default_68N09ve9sZY.png" />
      <file href="mobile/txt_Correct_68N09ve9sZY.png" />
      <file href="mobile/txt_Incorrect_68N09ve9sZY.png" />
      <file href="mobile/txt__default_64Xrg067LAp.png" />
      <file href="mobile/txt_Correct_64Xrg067LAp.png" />
      <file href="mobile/txt_Incorrect_64Xrg067LAp.png" />
      <file href="mobile/txt__default_5megDacY1Kh.png" />
      <file href="mobile/txt_Correct_5megDacY1Kh.png" />
      <file href="mobile/txt_Incorrect_5megDacY1Kh.png" />
      <file href="mobile/txt__default_6pz5bc2A4mM.png" />
      <file href="mobile/txt_Correct_6pz5bc2A4mM.png" />
      <file href="mobile/txt_Incorrect_6pz5bc2A4mM.png" />
      <file href="mobile/txt__default_6g5YcKEjjt5.png" />
      <file href="mobile/txt_Correct_6g5YcKEjjt5.png" />
      <file href="mobile/txt_Incorrect_6g5YcKEjjt5.png" />
      <file href="mobile/txt__default_6egiOWjpd6j.png" />
      <file href="mobile/txt_Correct_6egiOWjpd6j.png" />
      <file href="mobile/txt_Incorrect_6egiOWjpd6j.png" />
      <file href="mobile/txt__default_5oEaOEl0530.png" />
      <file href="mobile/txt_Correct_5oEaOEl0530.png" />
      <file href="mobile/txt_Incorrect_5oEaOEl0530.png" />
      <file href="mobile/txt__default_5kJrJXjKM5p.png" />
      <file href="mobile/txt_Correct_5kJrJXjKM5p.png" />
      <file href="mobile/txt_Incorrect_5kJrJXjKM5p.png" />
      <file href="mobile/txt__default_6SV4bL7lQaE.png" />
      <file href="mobile/txt_Correct_6SV4bL7lQaE.png" />
      <file href="mobile/txt_Incorrect_6SV4bL7lQaE.png" />
      <file href="mobile/txt__default_6WTsnGjuv60.png" />
      <file href="mobile/txt_Correct_6WTsnGjuv60.png" />
      <file href="mobile/txt_Incorrect_6WTsnGjuv60.png" />
      <file href="mobile/Shape5blG20ggy5n.png" />
      <file href="mobile/Correct_Shape5blG20ggy5n.png" />
      <file href="mobile/Incorrect_Shape5blG20ggy5n.png" />
      <file href="mobile/txt__default_5kJvUXBVJKc.png" />
      <file href="mobile/txt_Correct_5kJvUXBVJKc.png" />
      <file href="mobile/txt_Incorrect_5kJvUXBVJKc.png" />
      <file href="mobile/txt__default_5iYJSjn0XBL.png" />
      <file href="mobile/txt_Correct_5iYJSjn0XBL.png" />
      <file href="mobile/txt_Incorrect_5iYJSjn0XBL.png" />
      <file href="mobile/txt__default_6fJXr6csmGJ.png" />
      <file href="mobile/txt_Correct_6fJXr6csmGJ.png" />
      <file href="mobile/txt_Incorrect_6fJXr6csmGJ.png" />
      <file href="mobile/txt__default_6OrElnqdC0w.png" />
      <file href="mobile/txt_Correct_6OrElnqdC0w.png" />
      <file href="mobile/txt_Incorrect_6OrElnqdC0w.png" />
      <file href="mobile/Shape6Tf9Fbg32Bw.png" />
      <file href="mobile/Correct_Shape6Tf9Fbg32Bw.png" />
      <file href="mobile/Incorrect_Shape6Tf9Fbg32Bw.png" />
      <file href="mobile/txt__default_6eKQYtsgEKC.png" />
      <file href="mobile/txt_Correct_6eKQYtsgEKC.png" />
      <file href="mobile/txt_Incorrect_6eKQYtsgEKC.png" />
      <file href="mobile/txt__default_6XuuKFxJehe.png" />
      <file href="mobile/txt_Correct_6XuuKFxJehe.png" />
      <file href="mobile/txt_Incorrect_6XuuKFxJehe.png" />
      <file href="mobile/txt__default_6rmyZwWaN3O.png" />
      <file href="mobile/txt_Correct_6rmyZwWaN3O.png" />
      <file href="mobile/txt_Incorrect_6rmyZwWaN3O.png" />
      <file href="mobile/txt__default_5ZTtV2wXpWj.png" />
      <file href="mobile/txt_Correct_5ZTtV2wXpWj.png" />
      <file href="mobile/txt_Incorrect_5ZTtV2wXpWj.png" />
      <file href="mobile/Shape6iEtOnv0LXB.png" />
      <file href="mobile/Correct_Shape6iEtOnv0LXB.png" />
      <file href="mobile/Incorrect_Shape6iEtOnv0LXB.png" />
      <file href="mobile/txt__default_6WaMnxZN1FI.png" />
      <file href="mobile/txt_Correct_6WaMnxZN1FI.png" />
      <file href="mobile/txt_Incorrect_6WaMnxZN1FI.png" />
      <file href="mobile/txt__default_5oCMfbsPtxP.png" />
      <file href="mobile/txt_Correct_5oCMfbsPtxP.png" />
      <file href="mobile/txt_Incorrect_5oCMfbsPtxP.png" />
      <file href="mobile/txt__default_6HYe8yx7rUr.png" />
      <file href="mobile/txt_Correct_6HYe8yx7rUr.png" />
      <file href="mobile/txt_Incorrect_6HYe8yx7rUr.png" />
      <file href="mobile/Shape5uN73WE2rEx.png" />
      <file href="mobile/Correct_Shape5uN73WE2rEx.png" />
      <file href="mobile/Incorrect_Shape5uN73WE2rEx.png" />
      <file href="mobile/txt__default_6iJpepRFoAW.png" />
      <file href="mobile/txt_Correct_6iJpepRFoAW.png" />
      <file href="mobile/txt_Incorrect_6iJpepRFoAW.png" />
      <file href="mobile/txt__default_6TgpwPtulWw.png" />
      <file href="mobile/txt_Correct_6TgpwPtulWw.png" />
      <file href="mobile/txt_Incorrect_6TgpwPtulWw.png" />
      <file href="mobile/txt__default_5nrgJwdYHDJ.png" />
      <file href="mobile/txt_Correct_5nrgJwdYHDJ.png" />
      <file href="mobile/txt_Incorrect_5nrgJwdYHDJ.png" />
      <file href="mobile/Shape6duwKy8BWKX.png" />
      <file href="mobile/Correct_Shape6duwKy8BWKX.png" />
      <file href="mobile/Incorrect_Shape6duwKy8BWKX.png" />
      <file href="mobile/txt__default_6BhNL0EQVF3.png" />
      <file href="mobile/txt_Correct_6BhNL0EQVF3.png" />
      <file href="mobile/txt_Incorrect_6BhNL0EQVF3.png" />
      <file href="mobile/txt__default_5iqH7wFLFK8.png" />
      <file href="mobile/txt_Correct_5iqH7wFLFK8.png" />
      <file href="mobile/txt_Incorrect_5iqH7wFLFK8.png" />
      <file href="mobile/txt__default_5io0SASZ1Bl.png" />
      <file href="mobile/txt_Correct_5io0SASZ1Bl.png" />
      <file href="mobile/txt_Incorrect_5io0SASZ1Bl.png" />
      <file href="mobile/Shape6TmuVfKiWok.png" />
      <file href="mobile/Correct_Shape6TmuVfKiWok.png" />
      <file href="mobile/Incorrect_Shape6TmuVfKiWok.png" />
      <file href="mobile/txt__default_6jSn7uOWY6x.png" />
      <file href="mobile/txt__default_Drop Incorrect_6jSn7uOWY6x.png" />
      <file href="mobile/txt__default_Drop Correct_6jSn7uOWY6x.png" />
      <file href="mobile/txt__default_6TsHifWdQa0.png" />
      <file href="mobile/txt__default_Drop Incorrect_6TsHifWdQa0.png" />
      <file href="mobile/txt__default_Drop Correct_6TsHifWdQa0.png" />
      <file href="mobile/txt__default_5WlpTrfR86l.png" />
      <file href="mobile/txt__default_Drop Incorrect_5WlpTrfR86l.png" />
      <file href="mobile/txt__default_Drop Correct_5WlpTrfR86l.png" />
      <file href="mobile/txt__default_6XxYHTAdfAL.png" />
      <file href="mobile/txt__default_Drop Incorrect_6XxYHTAdfAL.png" />
      <file href="mobile/txt__default_Drop Correct_6XxYHTAdfAL.png" />
      <file href="mobile/txt__default_6U6aorQ0zVg.png" />
      <file href="mobile/txt__default_Drop Incorrect_6U6aorQ0zVg.png" />
      <file href="mobile/txt__default_Drop Correct_6U6aorQ0zVg.png" />
      <file href="mobile/txt__default_6nQoZfe97mK.png" />
      <file href="mobile/txt__default_Drop Incorrect_6nQoZfe97mK.png" />
      <file href="mobile/txt__default_Drop Correct_6nQoZfe97mK.png" />
      <file href="mobile/txt__default_5Y0a4w192TJ.png" />
      <file href="mobile/txt__default_Drop Incorrect_5Y0a4w192TJ.png" />
      <file href="mobile/txt__default_Drop Correct_5Y0a4w192TJ.png" />
      <file href="mobile/txt__default_6COukR4SR9T.png" />
      <file href="mobile/txt__default_Drop Incorrect_6COukR4SR9T.png" />
      <file href="mobile/txt__default_Drop Correct_6COukR4SR9T.png" />
      <file href="mobile/txt__default_691tj3KDuJi.png" />
      <file href="mobile/txt__default_Drop Incorrect_691tj3KDuJi.png" />
      <file href="mobile/txt__default_Drop Correct_691tj3KDuJi.png" />
      <file href="mobile/txt__default_66IJyarWaoE.png" />
      <file href="mobile/txt__default_Drop Incorrect_66IJyarWaoE.png" />
      <file href="mobile/txt__default_Drop Correct_66IJyarWaoE.png" />
      <file href="mobile/txt__default_5gamgY0WCJx.png" />
      <file href="mobile/txt__default_Drop Incorrect_5gamgY0WCJx.png" />
      <file href="mobile/txt__default_Drop Correct_5gamgY0WCJx.png" />
      <file href="mobile/txt__default_5XheQVlmolb.png" />
      <file href="mobile/txt__default_Drop Incorrect_5XheQVlmolb.png" />
      <file href="mobile/txt__default_Drop Correct_5XheQVlmolb.png" />
      <file href="mobile/txt__default_6M33NRa8GWd.png" />
      <file href="mobile/txt__default_Drop Incorrect_6M33NRa8GWd.png" />
      <file href="mobile/txt__default_Drop Correct_6M33NRa8GWd.png" />
      <file href="mobile/txt__default_5zaEFvsMtNA.png" />
      <file href="mobile/txt__default_Drop Incorrect_5zaEFvsMtNA.png" />
      <file href="mobile/txt__default_Drop Correct_5zaEFvsMtNA.png" />
      <file href="mobile/txt__default_63B4xTRENjI.png" />
      <file href="mobile/txt__default_Drop Incorrect_63B4xTRENjI.png" />
      <file href="mobile/txt__default_Drop Correct_63B4xTRENjI.png" />
      <file href="mobile/txt__default_5YXyt2aI0GK.png" />
      <file href="mobile/txt__default_Drop Incorrect_5YXyt2aI0GK.png" />
      <file href="mobile/txt__default_Drop Correct_5YXyt2aI0GK.png" />
      <file href="mobile/txt__default_6TiOBtd9gMP.png" />
      <file href="mobile/txt__default_Drop Incorrect_6TiOBtd9gMP.png" />
      <file href="mobile/txt__default_Drop Correct_6TiOBtd9gMP.png" />
      <file href="mobile/txt__default_6DsD3BSJSnP.png" />
      <file href="mobile/txt__default_Drop Incorrect_6DsD3BSJSnP.png" />
      <file href="mobile/txt__default_Drop Correct_6DsD3BSJSnP.png" />
      <file href="mobile/txt__default_69vMsQdfMxW.png" />
      <file href="mobile/txt__default_Drop Incorrect_69vMsQdfMxW.png" />
      <file href="mobile/txt__default_Drop Correct_69vMsQdfMxW.png" />
      <file href="mobile/txt__default_6oymgG5N2SR.png" />
      <file href="mobile/txt__default_Drop Incorrect_6oymgG5N2SR.png" />
      <file href="mobile/txt__default_Drop Correct_6oymgG5N2SR.png" />
      <file href="mobile/txt__default_5jNwrWPDqEt.png" />
      <file href="mobile/txt__default_Drop Incorrect_5jNwrWPDqEt.png" />
      <file href="mobile/txt__default_Drop Correct_5jNwrWPDqEt.png" />
      <file href="mobile/txt__default_6dNRV2pcfuW.png" />
      <file href="mobile/txt__default_Drop Incorrect_6dNRV2pcfuW.png" />
      <file href="mobile/txt__default_Drop Correct_6dNRV2pcfuW.png" />
      <file href="mobile/txt__default_6T5wyKMbv45.png" />
      <file href="mobile/txt__default_Drop Incorrect_6T5wyKMbv45.png" />
      <file href="mobile/txt__default_Drop Correct_6T5wyKMbv45.png" />
      <file href="mobile/txt__default_6mJOvY75Bht.png" />
      <file href="mobile/txt__default_Drop Incorrect_6mJOvY75Bht.png" />
      <file href="mobile/txt__default_Drop Correct_6mJOvY75Bht.png" />
      <file href="mobile/txt__default_5rr848B174Y.png" />
      <file href="mobile/txt__default_Drop Incorrect_5rr848B174Y.png" />
      <file href="mobile/txt__default_Drop Correct_5rr848B174Y.png" />
      <file href="mobile/txt__default_633dQKLXaER.png" />
      <file href="mobile/txt__default_Drop Incorrect_633dQKLXaER.png" />
      <file href="mobile/txt__default_Drop Correct_633dQKLXaER.png" />
      <file href="mobile/txt__default_6RlwYzRy6IX.png" />
      <file href="mobile/txt__default_Drop Incorrect_6RlwYzRy6IX.png" />
      <file href="mobile/txt__default_Drop Correct_6RlwYzRy6IX.png" />
      <file href="mobile/txt__default_6OETLjSv01j.png" />
      <file href="mobile/txt__default_Drop Incorrect_6OETLjSv01j.png" />
      <file href="mobile/txt__default_Drop Correct_6OETLjSv01j.png" />
      <file href="mobile/txt__default_5aflCeToTuz.png" />
      <file href="mobile/txt__default_Drop Incorrect_5aflCeToTuz.png" />
      <file href="mobile/txt__default_Drop Correct_5aflCeToTuz.png" />
      <file href="mobile/txt__default_6V7is34gub5.png" />
      <file href="mobile/txt__default_Drop Incorrect_6V7is34gub5.png" />
      <file href="mobile/txt__default_Drop Correct_6V7is34gub5.png" />
      <file href="mobile/txt__default_60t4JWqx5UC.png" />
      <file href="mobile/txt__default_Drop Incorrect_60t4JWqx5UC.png" />
      <file href="mobile/txt__default_Drop Correct_60t4JWqx5UC.png" />
      <file href="mobile/txt__default_5mGBwEzh4Pc.png" />
      <file href="mobile/txt__default_Drop Incorrect_5mGBwEzh4Pc.png" />
      <file href="mobile/txt__default_Drop Correct_5mGBwEzh4Pc.png" />
      <file href="mobile/txt__default_6AjGscrBoKg.png" />
      <file href="mobile/txt__default_Drop Incorrect_6AjGscrBoKg.png" />
      <file href="mobile/txt__default_Drop Correct_6AjGscrBoKg.png" />
      <file href="mobile/txt__default_6LmkXZVWVOP.png" />
      <file href="mobile/txt__default_Drop Incorrect_6LmkXZVWVOP.png" />
      <file href="mobile/txt__default_Drop Correct_6LmkXZVWVOP.png" />
      <file href="mobile/txt__default_61iYzC6sqfa.png" />
      <file href="mobile/txt__default_Drop Incorrect_61iYzC6sqfa.png" />
      <file href="mobile/txt__default_Drop Correct_61iYzC6sqfa.png" />
      <file href="mobile/txt__default_6bp5UEUAzEJ.png" />
      <file href="mobile/txt__default_Drop Incorrect_6bp5UEUAzEJ.png" />
      <file href="mobile/txt__default_Drop Correct_6bp5UEUAzEJ.png" />
      <file href="mobile/txt__default_68uJfCNGQKi.png" />
      <file href="mobile/txt__default_Drop Incorrect_68uJfCNGQKi.png" />
      <file href="mobile/txt__default_Drop Correct_68uJfCNGQKi.png" />
      <file href="mobile/txt__default_5dIAMojQHF9.png" />
      <file href="mobile/txt__default_Drop Incorrect_5dIAMojQHF9.png" />
      <file href="mobile/txt__default_Drop Correct_5dIAMojQHF9.png" />
      <file href="mobile/txt__default_6q43JHRpKl5.png" />
      <file href="mobile/txt__default_Drop Incorrect_6q43JHRpKl5.png" />
      <file href="mobile/txt__default_Drop Correct_6q43JHRpKl5.png" />
      <file href="mobile/txt__default_6jQ1jZpmVl9.png" />
      <file href="mobile/txt__default_Drop Incorrect_6jQ1jZpmVl9.png" />
      <file href="mobile/txt__default_Drop Correct_6jQ1jZpmVl9.png" />
      <file href="mobile/txt__default_5hLZhFWcXYL.png" />
      <file href="mobile/txt__default_Drop Incorrect_5hLZhFWcXYL.png" />
      <file href="mobile/txt__default_Drop Correct_5hLZhFWcXYL.png" />
      <file href="mobile/txt__default_6rD49ybHtZj.png" />
      <file href="mobile/txt__default_Drop Incorrect_6rD49ybHtZj.png" />
      <file href="mobile/txt__default_Drop Correct_6rD49ybHtZj.png" />
      <file href="mobile/txt__default_60FuiNgWDww.png" />
      <file href="mobile/txt__default_Drop Incorrect_60FuiNgWDww.png" />
      <file href="mobile/txt__default_Drop Correct_60FuiNgWDww.png" />
      <file href="mobile/txt__default_6m2j7R3Bsri.png" />
      <file href="mobile/txt__default_Drop Incorrect_6m2j7R3Bsri.png" />
      <file href="mobile/txt__default_Drop Correct_6m2j7R3Bsri.png" />
      <file href="mobile/txt__default_6OWYk1bWfNM.png" />
      <file href="mobile/txt__default_Drop Incorrect_6OWYk1bWfNM.png" />
      <file href="mobile/txt__default_Drop Correct_6OWYk1bWfNM.png" />
      <file href="mobile/txt__default_6FX49b55Rfp.png" />
      <file href="mobile/txt__default_Drop Incorrect_6FX49b55Rfp.png" />
      <file href="mobile/txt__default_Drop Correct_6FX49b55Rfp.png" />
      <file href="mobile/txt__default_6QT6yy90xmH.png" />
      <file href="mobile/txt__default_Drop Incorrect_6QT6yy90xmH.png" />
      <file href="mobile/txt__default_Drop Correct_6QT6yy90xmH.png" />
      <file href="mobile/txt__default_6EwMjbpSDSH.png" />
      <file href="mobile/txt__default_Drop Incorrect_6EwMjbpSDSH.png" />
      <file href="mobile/txt__default_Drop Correct_6EwMjbpSDSH.png" />
      <file href="mobile/txt__default_6Yhi6PHytkD.png" />
      <file href="mobile/txt__default_Drop Incorrect_6Yhi6PHytkD.png" />
      <file href="mobile/txt__default_Drop Correct_6Yhi6PHytkD.png" />
      <file href="mobile/txt__default_6i1DsXCwOlh.png" />
      <file href="mobile/txt__default_Drop Incorrect_6i1DsXCwOlh.png" />
      <file href="mobile/txt__default_Drop Correct_6i1DsXCwOlh.png" />
      <file href="mobile/txt__default_5pagwMVwjLL.png" />
      <file href="mobile/txt__default_Drop Incorrect_5pagwMVwjLL.png" />
      <file href="mobile/txt__default_Drop Correct_5pagwMVwjLL.png" />
      <file href="mobile/txt__default_6DcsCyiOi4n.png" />
      <file href="mobile/txt__default_Drop Incorrect_6DcsCyiOi4n.png" />
      <file href="mobile/txt__default_Drop Correct_6DcsCyiOi4n.png" />
      <file href="mobile/Shape6TkSp3QMNZM.png" />
      <file href="mobile/_default_Drop Incorrect_Shape6TkSp3QMNZM.png" />
      <file href="mobile/_default_Drop Correct_Shape6TkSp3QMNZM.png" />
      <file href="mobile/txt__default_5Z56KJ8C200.png" />
      <file href="mobile/txt__default_Drop Incorrect_5Z56KJ8C200.png" />
      <file href="mobile/txt__default_Drop Correct_5Z56KJ8C200.png" />
      <file href="mobile/txt__default_6jXRuIDsray.png" />
      <file href="mobile/txt__default_Drop Incorrect_6jXRuIDsray.png" />
      <file href="mobile/txt__default_Drop Correct_6jXRuIDsray.png" />
      <file href="mobile/txt__default_6Pr2VqXfRRZ.png" />
      <file href="mobile/txt__default_Drop Incorrect_6Pr2VqXfRRZ.png" />
      <file href="mobile/txt__default_Drop Correct_6Pr2VqXfRRZ.png" />
      <file href="mobile/txt__default_63JSsIYP38c.png" />
      <file href="mobile/txt__default_Drop Incorrect_63JSsIYP38c.png" />
      <file href="mobile/txt__default_Drop Correct_63JSsIYP38c.png" />
      <file href="mobile/Shape6DPsHXW08PZ.png" />
      <file href="mobile/_default_Drop Incorrect_Shape6DPsHXW08PZ.png" />
      <file href="mobile/_default_Drop Correct_Shape6DPsHXW08PZ.png" />
      <file href="mobile/txt__default_6VSsCNuq7Ic.png" />
      <file href="mobile/txt__default_Drop Incorrect_6VSsCNuq7Ic.png" />
      <file href="mobile/txt__default_Drop Correct_6VSsCNuq7Ic.png" />
      <file href="mobile/txt__default_5hiusWqvxTP.png" />
      <file href="mobile/txt__default_Drop Incorrect_5hiusWqvxTP.png" />
      <file href="mobile/txt__default_Drop Correct_5hiusWqvxTP.png" />
      <file href="mobile/txt__default_65buuv5S7bg.png" />
      <file href="mobile/txt__default_Drop Incorrect_65buuv5S7bg.png" />
      <file href="mobile/txt__default_Drop Correct_65buuv5S7bg.png" />
      <file href="mobile/txt__default_5Y1ZWpE3VCG.png" />
      <file href="mobile/txt__default_Drop Incorrect_5Y1ZWpE3VCG.png" />
      <file href="mobile/txt__default_Drop Correct_5Y1ZWpE3VCG.png" />
      <file href="mobile/Shape5fahzkFaBfZ.png" />
      <file href="mobile/_default_Drop Incorrect_Shape5fahzkFaBfZ.png" />
      <file href="mobile/_default_Drop Correct_Shape5fahzkFaBfZ.png" />
      <file href="mobile/txt__default_6JtcbzLmScy.png" />
      <file href="mobile/txt__default_Drop Incorrect_6JtcbzLmScy.png" />
      <file href="mobile/txt__default_Drop Correct_6JtcbzLmScy.png" />
      <file href="mobile/txt__default_5aMpiMNgOs9.png" />
      <file href="mobile/txt__default_Drop Incorrect_5aMpiMNgOs9.png" />
      <file href="mobile/txt__default_Drop Correct_5aMpiMNgOs9.png" />
      <file href="mobile/txt__default_6UtOrZkPv73.png" />
      <file href="mobile/txt__default_Drop Incorrect_6UtOrZkPv73.png" />
      <file href="mobile/txt__default_Drop Correct_6UtOrZkPv73.png" />
      <file href="mobile/Shape6fKvuMfbF8y.png" />
      <file href="mobile/_default_Drop Incorrect_Shape6fKvuMfbF8y.png" />
      <file href="mobile/_default_Drop Correct_Shape6fKvuMfbF8y.png" />
      <file href="mobile/txt__default_6DdEyS5ikfW.png" />
      <file href="mobile/txt__default_Drop Incorrect_6DdEyS5ikfW.png" />
      <file href="mobile/txt__default_Drop Correct_6DdEyS5ikfW.png" />
      <file href="mobile/txt__default_64hACqODgZh.png" />
      <file href="mobile/txt__default_Drop Incorrect_64hACqODgZh.png" />
      <file href="mobile/txt__default_Drop Correct_64hACqODgZh.png" />
      <file href="mobile/txt__default_5WS1e6VrmcK.png" />
      <file href="mobile/txt__default_Drop Incorrect_5WS1e6VrmcK.png" />
      <file href="mobile/txt__default_Drop Correct_5WS1e6VrmcK.png" />
      <file href="mobile/Shape5ncW5bMFFPf.png" />
      <file href="mobile/_default_Drop Incorrect_Shape5ncW5bMFFPf.png" />
      <file href="mobile/_default_Drop Correct_Shape5ncW5bMFFPf.png" />
      <file href="mobile/txt__default_6SpdRN5bdVP.png" />
      <file href="mobile/txt__default_Drop Incorrect_6SpdRN5bdVP.png" />
      <file href="mobile/txt__default_Drop Correct_6SpdRN5bdVP.png" />
      <file href="mobile/txt__default_6BNFne9xluP.png" />
      <file href="mobile/txt__default_Drop Incorrect_6BNFne9xluP.png" />
      <file href="mobile/txt__default_Drop Correct_6BNFne9xluP.png" />
      <file href="mobile/txt__default_5xOrNeL7pHu.png" />
      <file href="mobile/txt__default_Drop Incorrect_5xOrNeL7pHu.png" />
      <file href="mobile/txt__default_Drop Correct_5xOrNeL7pHu.png" />
      <file href="mobile/Shape61O9zKdHKGn.png" />
      <file href="mobile/_default_Drop Incorrect_Shape61O9zKdHKGn.png" />
      <file href="mobile/_default_Drop Correct_Shape61O9zKdHKGn.png" />
      <file href="html5/data/css/output.min.css" />
      <file href="html5/data/js/5am5iEJ8ube.js" />
      <file href="html5/data/js/5bl3hiYZyiu.js" />
      <file href="html5/data/js/5dJdCyFjmj5.js" />
      <file href="html5/data/js/5fTJtthSiZM.js" />
      <file href="html5/data/js/5gg2Mjb7deL.js" />
      <file href="html5/data/js/5iJAqjtJSGC.js" />
      <file href="html5/data/js/5inZM2zIizW.js" />
      <file href="html5/data/js/5iSocbl3nYp.js" />
      <file href="html5/data/js/5qWeAY6H1W6.js" />
      <file href="html5/data/js/5qYpJ6Hyugu.js" />
      <file href="html5/data/js/5rr6r34E9Ty.js" />
      <file href="html5/data/js/5sWSLRnz3RJ.js" />
      <file href="html5/data/js/5uExRaLuoT7.js" />
      <file href="html5/data/js/5uPEL3hzKo8.js" />
      <file href="html5/data/js/5Ur9HPriMt7.js" />
      <file href="html5/data/js/5VFwmy8ET9O.js" />
      <file href="html5/data/js/5Xem2RIQ6KF.js" />
      <file href="html5/data/js/5XKJJsu4a3D.js" />
      <file href="html5/data/js/5zBwnbLUssn.js" />
      <file href="html5/data/js/5ZFdyRb2Vyo.js" />
      <file href="html5/data/js/62ux1boehTt.js" />
      <file href="html5/data/js/6476qsFe3Rx.js" />
      <file href="html5/data/js/67m7n2DJmGW.js" />
      <file href="html5/data/js/67pEmkM6bZB.js" />
      <file href="html5/data/js/68EeIo7N5Vo.js" />
      <file href="html5/data/js/6bq2PoTVbwb.js" />
      <file href="html5/data/js/6BTBsU1YyCx.js" />
      <file href="html5/data/js/6ClTtrrab1C.js" />
      <file href="html5/data/js/6cRIRMykp7o.js" />
      <file href="html5/data/js/6CyBf3txoxG.js" />
      <file href="html5/data/js/6DFBxNsPEWr.js" />
      <file href="html5/data/js/6DQuY9dLB70.js" />
      <file href="html5/data/js/6EkCwEf30CN.js" />
      <file href="html5/data/js/6eLGRAbuhNr.js" />
      <file href="html5/data/js/6f9bha1Wo55.js" />
      <file href="html5/data/js/6FdeaYKgpmH.js" />
      <file href="html5/data/js/6fPxKW6vKED.js" />
      <file href="html5/data/js/6H5mjsYfHc9.js" />
      <file href="html5/data/js/6hJ8MkbICZr.js" />
      <file href="html5/data/js/6I0hSoFLDEA.js" />
      <file href="html5/data/js/6iMsMTTQri7.js" />
      <file href="html5/data/js/6J6MalUl4DB.js" />
      <file href="html5/data/js/6joJulYWKyM.js" />
      <file href="html5/data/js/6JZfUUFwzae.js" />
      <file href="html5/data/js/6L5cM0Tx9Ev.js" />
      <file href="html5/data/js/6LBbOTUc9lz.js" />
      <file href="html5/data/js/6MF7LjkFwSK.js" />
      <file href="html5/data/js/6MG2wq7MrXu.js" />
      <file href="html5/data/js/6NdUotIXfUE.js" />
      <file href="html5/data/js/6pgKIm8V7fX.js" />
      <file href="html5/data/js/6PHgKEY3xly.js" />
      <file href="html5/data/js/6rDLgKLJeSJ.js" />
      <file href="html5/data/js/6T4e4Vnwv1w.js" />
      <file href="html5/data/js/6UyicFbt9cB.js" />
      <file href="html5/data/js/6X7EcdO5GW5.js" />
      <file href="html5/data/js/6XGsKo5h315.js" />
      <file href="html5/data/js/6Zc5OJAosQO.js" />
      <file href="html5/data/js/data.js" />
      <file href="html5/data/js/frame.js" />
      <file href="html5/data/js/paths.js" />
      <file href="html5/lib/scripts/app.min.js" />
      <file href="html5/lib/stylesheets/main.min.css" />
      <file href="html5/lib/stylesheets/mobile-fonts/open-sans-bold.woff" />
      <file href="html5/lib/stylesheets/mobile-fonts/open-sans-light.woff" />
      <file href="html5/lib/stylesheets/mobile-fonts/open-sans-regular.woff" />
      <file href="story.html" />
      <file href="story_html5.html" />
      <file href="story_content/blank.html" />
      <file href="story_content/story.js" />
      <file href="index_lms.html" />
      <file href="index_lms_html5.html" />
      <file href="lms/AICCComm.html" />
      <file href="lms/AICCFunctions.js" />
      <file href="lms/API.js" />
      <file href="lms/APIConstants.js" />
      <file href="lms/blank.html" />
      <file href="lms/browsersniff.js" />
      <file href="lms/Configuration.js" />
      <file href="lms/goodbye.html" />
      <file href="lms/lms.js" />
      <file href="lms/LMSAPI.js" />
      <file href="lms/NONEFunctions.js" />
      <file href="lms/SCORM2004Functions.js" />
      <file href="lms/SCORMFunctions.js" />
      <file href="lms/UtilityFunctions.js" />
    </resource>
  </resources>
</manifest>