﻿<?xml version="1.0" encoding="utf-8"?><meta xmlns:xsi="http://www.w3.org/2001/XMLSchema-instance" xmlns:xsd="http://www.w3.org/2001/XMLSchema"><project id="5piJD2F4ikx" courseid="6BcR29HnFCM_course_id" thumburl="story_content/thumbnail.jpg" title="Anatomy of Citations (Chicago)" datepublished="2018-03-08T17:42:00" version="1.0.0.0" flashdata="story_content/data.swf" html5data="mobile/data.json" mobiledata="mobile/data.gz" enabledownload="false" duration="About 36 minutes" totalaudio="0" totalvideo="0"><description>Citing a source requires you to understand which parts of the source you need for your citation. This tutorial will help you understand the anatomy of sources and citations.</description><keywords /><slidemeta moniker="slide" monikerplural="slides" viewslides="57" slidecountdescription="57 slides" /><author name="Eric Kowalik" email="" website="" /><application name="Articulate Storyline" version="3.3.15007.0" xmlversion="4.0" /></project></meta>