<?xml version="1.0" standalone="no"?>
<manifest identifier="_6UfZ6Vq0r6g_course_id" version="1.3" xmlns="http://www.imsglobal.org/xsd/imscp_v1p1" xmlns:adlcp="http://www.adlnet.org/xsd/adlcp_v1p3" xmlns:adlseq="http://www.adlnet.org/xsd/adlseq_v1p3" xmlns:adlnav="http://www.adlnet.org/xsd/adlnav_v1p3" xmlns:imsss="http://www.imsglobal.org/xsd/imsss" xmlns:xsi="http://www.w3.org/2001/XMLSchema-instance" xmlns:lom="http://ltsc.ieee.org/xsd/LOM" xsi:schemaLocation="http://www.imsglobal.org/xsd/imscp_v1p1 imscp_v1p1.xsd&#xA;                              http://www.adlnet.org/xsd/adlcp_v1p3 adlcp_v1p3.xsd&#xA;                              http://www.adlnet.org/xsd/adlseq_v1p3 adlseq_v1p3.xsd&#xA;                              http://www.adlnet.org/xsd/adlnav_v1p3 adlnav_v1p3.xsd&#xA;							  http://www.imsglobal.org/xsd/imsss imsss_v1p0.xsd&#xA;							  http://ltsc.ieee.org/xsd/LOM lom.xsd">
  <metadata>
    <schema>ADL SCORM</schema>
    <schemaversion>2004 4th Edition</schemaversion>
    <adlcp:location>metadata.xml</adlcp:location>
  </metadata>
  <organizations default="Some_Friendly_Advice_(Evaluating_Sources)_ORG">
    <organization identifier="Some_Friendly_Advice_(Evaluating_Sources)_ORG" adlseq:objectivesGlobalToSystem="false">
      <title>Some Friendly Advice (Evaluating Sources)</title>
      <item identifier="Some_Friendly_Advice_(Evaluating_Sources)_SCO" identifierref="__6UfZ6Vq0r6g_course_id_RES" isvisible="true">
        <title>Some Friendly Advice (Evaluating Sources)</title>
        <imsss:sequencing>
          <imsss:deliveryControls tracked="true" completionSetByContent="true" objectiveSetByContent="true" />
        </imsss:sequencing>
      </item>
      <metadata>
        <adlcp:location>metadata.xml</adlcp:location>
      </metadata>
      <imsss:sequencing>
        <imsss:controlMode choice="true" flow="true" />
      </imsss:sequencing>
    </organization>
  </organizations>
  <resources>
    <resource identifier="__6UfZ6Vq0r6g_course_id_RES" type="webcontent" adlcp:scormType="sco" href="index_lms.html">
      <file href="story_content/thumbnail.jpg" />
      <file href="mobile/6LvqhgPbLUX_80_P_0_0_5296_3048_DX574_DY574_CX208_CY120.png" />
      <file href="mobile/6LvqhgPbLUX_80_RG_P_0_0_5296_3048_DX574_DY574_CX208_CY120.png" />
      <file href="mobile/5tCq0pIYpBV_80_P_0_0_4508_3051_DX576_DY576_CX177_CY120.png" />
      <file href="mobile/5tCq0pIYpBV_80_RG_P_0_0_4508_3051_DX576_DY576_CX177_CY120.png" />
      <file href="mobile/5e8fRkNgdJB_80_P_0_0_4508_3049_DX576_DY576_CX177_CY120.png" />
      <file href="mobile/5e8fRkNgdJB_80_RG_P_0_0_4508_3049_DX576_DY576_CX177_CY120.png" />
      <file href="mobile/6qk3RJ4gINi_80_P_0_0_5296_3048_DX576_DY576_CX208_CY120.png" />
      <file href="mobile/6qk3RJ4gINi_80_RG_P_0_0_5296_3048_DX576_DY576_CX208_CY120.png" />
      <file href="mobile/5jmdu2uqzyt_80_P_0_0_2873_3049_DX592_DY592_CX116_CY123.png" />
      <file href="mobile/6cxjWLUnEwf_80_DX240_DY240_CX120_CY120.png" />
      <file href="mobile/6JpzWR5FlDx_80_P_0_0_4543_3051_DX594_DY594_CX184_CY124.png" />
      <file href="mobile/6GsRg82AUUL_80_P_0_0_3710_3048_DX592_DY592_CX150_CY123.png" />
      <file href="mobile/5nNDJBtsQ2c_80_DX1440_DY1440_CX1080_CY818.png" />
      <file href="mobile/6qpwED7nwbO_80_DX746_DY746_CX558_CY244.png" />
      <file href="mobile/5yhcFSOhw1N_80_DX448_DY448_CX193_CY224.png" />
      <file href="mobile/6BdoN5xZKeb_80_DX1340_DY1340_CX564_CY767.png" />
      <file href="mobile/5mDTxvEEVyq_80_DX1920_DY1920_CX961_CY1068.png" />
      <file href="mobile/6cxjWLUnEwf_80_DX240_DY240_CX120_CY119.png" />
      <file href="mobile/6QbI0ggqx06_80_P_0_0_5296_3048_DX592_DY592_CX214_CY123.png" />
      <file href="meta.xml" />
      <file href="story_content/frame.json" />
      <file href="story_content/user.js" />
      <file href="mobile/Slide6CrnuGzK1ZY.jpg" />
      <file href="mobile/Slide62uULHAgiaB.jpg" />
      <file href="mobile/txt__default_5oWKdLCaQMe.png" />
      <file href="mobile/txt__default_5w4103qI5mK.png" />
      <file href="mobile/txt__default_6Nlj1SioeZB.png" />
      <file href="mobile/Slide5jvcN0Au9xE.jpg" />
      <file href="mobile/txt__default_6SY3w7l2wZn.png" />
      <file href="mobile/txt__default_5uBoGMeaJJz.png" />
      <file href="mobile/txt__default_5m5dKIvfzrt.png" />
      <file href="mobile/Slide5ge7UNwrhLb.jpg" />
      <file href="mobile/txt__default_6FNs48byNSH.png" />
      <file href="mobile/txt__default_6CyaOKLPnlK.png" />
      <file href="mobile/txt__default_6donFJvSLvs.png" />
      <file href="mobile/Slide6NbEZ6WwHO1.jpg" />
      <file href="mobile/Slide6jzVObFyMZX.jpg" />
      <file href="mobile/Slide6ZaIouEyUgJ.jpg" />
      <file href="mobile/Slide5t1FOsC51Pb.jpg" />
      <file href="mobile/txt__default_5X1HAefBkDT.png" />
      <file href="mobile/txt__default_68A1M2Owls8.png" />
      <file href="mobile/txt__default_6GOC5QnFcFe.png" />
      <file href="html5/data/css/output.min.css" />
      <file href="html5/data/js/5emuAbBk1cP.js" />
      <file href="html5/data/js/5js98bxHnuR.js" />
      <file href="html5/data/js/5msWitMiYvs.js" />
      <file href="html5/data/js/5mTWAR2Pseb.js" />
      <file href="html5/data/js/5sA4Z9ZJ4OB.js" />
      <file href="html5/data/js/5Xw9umeueSl.js" />
      <file href="html5/data/js/5z4wI4DXeac.js" />
      <file href="html5/data/js/69nQ19mxzs0.js" />
      <file href="html5/data/js/6Lq6wL0jY6b.js" />
      <file href="html5/data/js/6nIt9xyQTCF.js" />
      <file href="html5/data/js/6qVwheKY52c.js" />
      <file href="html5/data/js/data.js" />
      <file href="html5/data/js/frame.js" />
      <file href="html5/data/js/paths.js" />
      <file href="html5/lib/scripts/app.min.js" />
      <file href="html5/lib/stylesheets/main.min.css" />
      <file href="html5/lib/stylesheets/mobile-fonts/open-sans-bold.woff" />
      <file href="html5/lib/stylesheets/mobile-fonts/open-sans-light.woff" />
      <file href="html5/lib/stylesheets/mobile-fonts/open-sans-regular.woff" />
      <file href="story.html" />
      <file href="story_html5.html" />
      <file href="story_content/blank.html" />
      <file href="story_content/story.js" />
      <file href="index_lms.html" />
      <file href="index_lms_html5.html" />
      <file href="lms/AICCComm.html" />
      <file href="lms/AICCFunctions.js" />
      <file href="lms/API.js" />
      <file href="lms/APIConstants.js" />
      <file href="lms/blank.html" />
      <file href="lms/browsersniff.js" />
      <file href="lms/Configuration.js" />
      <file href="lms/goodbye.html" />
      <file href="lms/lms.js" />
      <file href="lms/LMSAPI.js" />
      <file href="lms/NONEFunctions.js" />
      <file href="lms/SCORM2004Functions.js" />
      <file href="lms/SCORMFunctions.js" />
      <file href="lms/UtilityFunctions.js" />
    </resource>
  </resources>
</manifest>