﻿<?xml version="1.0" encoding="utf-8"?><meta xmlns:xsi="http://www.w3.org/2001/XMLSchema-instance" xmlns:xsd="http://www.w3.org/2001/XMLSchema"><project id="5t0Sz28KLLK" courseid="6UfZ6Vq0r6g_course_id" thumburl="story_content/thumbnail.jpg" title="Some Friendly Advice (Evaluating Sources)" datepublished="2018-03-08T18:03:40" version="1.0.0.0" flashdata="story_content/data.swf" html5data="mobile/data.json" mobiledata="mobile/data.gz" enabledownload="false" duration="About 3 minutes" totalaudio="0" totalvideo="0"><description>Practice your source evaluation skills by helping to explain to 4 friends why they should or shouldn't use certain sources for their research paper.</description><keywords /><slidemeta moniker="slide" monikerplural="slides" viewslides="11" slidecountdescription="11 slides" /><author name="Eric Kowalik" email="" website="" /><application name="Articulate Storyline" version="3.3.15007.0" xmlversion="4.0" /></project></meta>