<?xml version="1.0" standalone="no"?>
<manifest identifier="_6pMHKiQ6syU_course_id" version="1.3" xmlns="http://www.imsglobal.org/xsd/imscp_v1p1" xmlns:adlcp="http://www.adlnet.org/xsd/adlcp_v1p3" xmlns:adlseq="http://www.adlnet.org/xsd/adlseq_v1p3" xmlns:adlnav="http://www.adlnet.org/xsd/adlnav_v1p3" xmlns:imsss="http://www.imsglobal.org/xsd/imsss" xmlns:xsi="http://www.w3.org/2001/XMLSchema-instance" xmlns:lom="http://ltsc.ieee.org/xsd/LOM" xsi:schemaLocation="http://www.imsglobal.org/xsd/imscp_v1p1 imscp_v1p1.xsd&#xA;                              http://www.adlnet.org/xsd/adlcp_v1p3 adlcp_v1p3.xsd&#xA;                              http://www.adlnet.org/xsd/adlseq_v1p3 adlseq_v1p3.xsd&#xA;                              http://www.adlnet.org/xsd/adlnav_v1p3 adlnav_v1p3.xsd&#xA;							  http://www.imsglobal.org/xsd/imsss imsss_v1p0.xsd&#xA;							  http://ltsc.ieee.org/xsd/LOM lom.xsd">
  <metadata>
    <schema>ADL SCORM</schema>
    <schemaversion>2004 4th Edition</schemaversion>
    <adlcp:location>metadata.xml</adlcp:location>
  </metadata>
  <organizations default="Anatomy_of_Citations_(MLA)_ORG">
    <organization identifier="Anatomy_of_Citations_(MLA)_ORG" adlseq:objectivesGlobalToSystem="false">
      <title>Anatomy of Citations (MLA)</title>
      <item identifier="Anatomy_of_Citations_SCO" identifierref="__6pMHKiQ6syU_course_id_RES" isvisible="true">
        <title>Anatomy of Citations (MLA)</title>
        <imsss:sequencing>
          <imsss:deliveryControls tracked="true" completionSetByContent="true" objectiveSetByContent="true" />
        </imsss:sequencing>
      </item>
      <metadata>
        <adlcp:location>metadata.xml</adlcp:location>
      </metadata>
      <imsss:sequencing>
        <imsss:controlMode choice="true" flow="true" />
      </imsss:sequencing>
    </organization>
  </organizations>
  <resources>
    <resource identifier="__6pMHKiQ6syU_course_id_RES" type="webcontent" adlcp:scormType="sco" href="index_lms.html">
      <file href="story_content/thumbnail.jpg" />
      <file href="mobile/69F6GogcQT9_80_DX998_DY998_CX333_CY499.jpg" />
      <file href="mobile/6cxjWLUnEwf_80_DX240_DY240_CX120_CY120.png" />
      <file href="mobile/5m99xnT35rB5XNzZj1JtJR{Width=640, Height=360}Light_80_DX1280_DY1280_CX640_CY360.jpg" />
      <file href="mobile/6BdoN5xZKeb_80_DX1340_DY1340_CX564_CY767.png" />
      <file href="mobile/5mDTxvEEVyq_80_DX1920_DY1920_CX961_CY1068.png" />
      <file href="mobile/6oPx5cQYcyo_80_DX260_DY260_CX130_CY121.jpg" />
      <file href="mobile/6CEb8bvjz7A_80_DX1200_DY1200_CX600_CY300.png" />
      <file href="mobile/5jAHCXo5iaJ_80_DX764_DY764_CX314_CY382.png" />
      <file href="mobile/5zRNYy2wN2K_80_DX1200_DY1200_CX600_CY300.png" />
      <file href="mobile/6oGhoII0elB_80_DX1200_DY1200_CX600_CY300.png" />
      <file href="mobile/6MYM5AzNtdn_80_DX1200_DY1200_CX600_CY300.png" />
      <file href="mobile/6Nhnbp2e43R_80_DX1200_DY1200_CX600_CY300.png" />
      <file href="mobile/6dvxWGs4F4t_80_DX1200_DY1200_CX600_CY300.png" />
      <file href="mobile/6OnI3onNdAP_80_DX1200_DY1200_CX600_CY300.png" />
      <file href="mobile/65T24HDES61_80_DX1200_DY1200_CX600_CY300.png" />
      <file href="mobile/6LIzdDpBBZA_80_DX1200_DY1200_CX600_CY300.png" />
      <file href="mobile/6eHc1y4qSjb_80_DX1200_DY1200_CX600_CY300.png" />
      <file href="mobile/5c42BIqlwqt_80_DX1200_DY1200_CX600_CY300.png" />
      <file href="mobile/6J5sDk6x9aO_80_DX1200_DY1200_CX600_CY300.png" />
      <file href="mobile/5mDxMaKMLt8_80_DX1200_DY1200_CX600_CY300.png" />
      <file href="mobile/6RgxAlOrk2m_80_DX1200_DY1200_CX600_CY300.png" />
      <file href="mobile/6hdymFn24s9_80_DX1200_DY1200_CX600_CY300.png" />
      <file href="mobile/6btsoyK0Pdq_80_DX1200_DY1200_CX600_CY300.png" />
      <file href="mobile/604FOXesqu1_80_DX1200_DY1200_CX600_CY300.png" />
      <file href="mobile/6idcFWccXVu_80_DX1200_DY1200_CX600_CY300.png" />
      <file href="meta.xml" />
      <file href="story_content/frame.json" />
      <file href="story_content/user.js" />
      <file href="mobile/Slide6DhDdFXEN9Z.jpg" />
      <file href="mobile/Slide6VWipPA3j0R.jpg" />
      <file href="mobile/Slide5fz0QGfjO2F.jpg" />
      <file href="mobile/Shape6PQqr55VYwh.png" />
      <file href="mobile/_default_Drop Incorrect_Shape6PQqr55VYwh.png" />
      <file href="mobile/_default_Drop Correct_Shape6PQqr55VYwh.png" />
      <file href="mobile/Shape5n5K01PLNfP.png" />
      <file href="mobile/_default_Drop Incorrect_Shape5n5K01PLNfP.png" />
      <file href="mobile/_default_Drop Correct_Shape5n5K01PLNfP.png" />
      <file href="mobile/Shape5jqPYgtKAFG.png" />
      <file href="mobile/_default_Drop Incorrect_Shape5jqPYgtKAFG.png" />
      <file href="mobile/_default_Drop Correct_Shape5jqPYgtKAFG.png" />
      <file href="mobile/Shape6bnkFm7rkOS.png" />
      <file href="mobile/_default_Drop Incorrect_Shape6bnkFm7rkOS.png" />
      <file href="mobile/_default_Drop Correct_Shape6bnkFm7rkOS.png" />
      <file href="mobile/Shape5d5sc7y0HAE.png" />
      <file href="mobile/_default_Drop Incorrect_Shape5d5sc7y0HAE.png" />
      <file href="mobile/_default_Drop Correct_Shape5d5sc7y0HAE.png" />
      <file href="mobile/Shape6413ZBzX94g.png" />
      <file href="mobile/_default_Drop Incorrect_Shape6413ZBzX94g.png" />
      <file href="mobile/_default_Drop Correct_Shape6413ZBzX94g.png" />
      <file href="mobile/Shape5XaDbU45Ds7.png" />
      <file href="mobile/_default_Drop Incorrect_Shape5XaDbU45Ds7.png" />
      <file href="mobile/_default_Drop Correct_Shape5XaDbU45Ds7.png" />
      <file href="mobile/Shape6eov9rnr7qz.png" />
      <file href="mobile/_default_Drop Incorrect_Shape6eov9rnr7qz.png" />
      <file href="mobile/_default_Drop Correct_Shape6eov9rnr7qz.png" />
      <file href="mobile/Shape6Z9xMuk3wd0.png" />
      <file href="mobile/_default_Drop Incorrect_Shape6Z9xMuk3wd0.png" />
      <file href="mobile/_default_Drop Correct_Shape6Z9xMuk3wd0.png" />
      <file href="mobile/txt__default_5uV51EMB890.png" />
      <file href="mobile/txt__default_Drop Incorrect_5uV51EMB890.png" />
      <file href="mobile/txt__default_Drop Correct_5uV51EMB890.png" />
      <file href="mobile/txt__default_60C6pKBRKDC.png" />
      <file href="mobile/txt__default_Drop Incorrect_60C6pKBRKDC.png" />
      <file href="mobile/txt__default_Drop Correct_60C6pKBRKDC.png" />
      <file href="mobile/txt__default_5yidb98XeAR.png" />
      <file href="mobile/txt__default_Drop Incorrect_5yidb98XeAR.png" />
      <file href="mobile/txt__default_Drop Correct_5yidb98XeAR.png" />
      <file href="mobile/txt__default_644O7zKAikE.png" />
      <file href="mobile/txt__default_Drop Incorrect_644O7zKAikE.png" />
      <file href="mobile/txt__default_Drop Correct_644O7zKAikE.png" />
      <file href="mobile/txt__default_5lLcZXvlUZv.png" />
      <file href="mobile/txt__default_Drop Incorrect_5lLcZXvlUZv.png" />
      <file href="mobile/txt__default_Drop Correct_5lLcZXvlUZv.png" />
      <file href="mobile/txt__default_6EmUSYAJDX9.png" />
      <file href="mobile/txt__default_Drop Incorrect_6EmUSYAJDX9.png" />
      <file href="mobile/txt__default_Drop Correct_6EmUSYAJDX9.png" />
      <file href="mobile/txt__default_5mXfcEsveNe.png" />
      <file href="mobile/txt__default_Drop Incorrect_5mXfcEsveNe.png" />
      <file href="mobile/txt__default_Drop Correct_5mXfcEsveNe.png" />
      <file href="mobile/txt__default_67wQh4FNMPY.png" />
      <file href="mobile/txt__default_Drop Incorrect_67wQh4FNMPY.png" />
      <file href="mobile/txt__default_Drop Correct_67wQh4FNMPY.png" />
      <file href="mobile/txt__default_5iA1EfUmYpI.png" />
      <file href="mobile/txt__default_Drop Incorrect_5iA1EfUmYpI.png" />
      <file href="mobile/txt__default_Drop Correct_5iA1EfUmYpI.png" />
      <file href="mobile/Shape6VdVAkArgaf.png" />
      <file href="mobile/_default_Drop Incorrect_Shape6VdVAkArgaf.png" />
      <file href="mobile/_default_Drop Correct_Shape6VdVAkArgaf.png" />
      <file href="mobile/Shape6VQ8K6EVAip.png" />
      <file href="mobile/_default_Drop Incorrect_Shape6VQ8K6EVAip.png" />
      <file href="mobile/_default_Drop Correct_Shape6VQ8K6EVAip.png" />
      <file href="mobile/Shape6FwKHa1JiO0.png" />
      <file href="mobile/_default_Drop Incorrect_Shape6FwKHa1JiO0.png" />
      <file href="mobile/_default_Drop Correct_Shape6FwKHa1JiO0.png" />
      <file href="mobile/Shape6cHzkWNcyk9.png" />
      <file href="mobile/_default_Drop Incorrect_Shape6cHzkWNcyk9.png" />
      <file href="mobile/_default_Drop Correct_Shape6cHzkWNcyk9.png" />
      <file href="mobile/Shape6Kqc4thu6iz.png" />
      <file href="mobile/_default_Drop Incorrect_Shape6Kqc4thu6iz.png" />
      <file href="mobile/_default_Drop Correct_Shape6Kqc4thu6iz.png" />
      <file href="mobile/Shape67b9xi9VXFw.png" />
      <file href="mobile/_default_Drop Incorrect_Shape67b9xi9VXFw.png" />
      <file href="mobile/_default_Drop Correct_Shape67b9xi9VXFw.png" />
      <file href="mobile/txt__default_65JtepWeOfT.png" />
      <file href="mobile/txt__default_Drop Incorrect_65JtepWeOfT.png" />
      <file href="mobile/txt__default_Drop Correct_65JtepWeOfT.png" />
      <file href="mobile/Shape6gWPAE7RZkj.png" />
      <file href="mobile/_default_Drop Incorrect_Shape6gWPAE7RZkj.png" />
      <file href="mobile/_default_Drop Correct_Shape6gWPAE7RZkj.png" />
      <file href="mobile/txt__default_63d5W43GcOR.png" />
      <file href="mobile/txt__default_Drop Incorrect_63d5W43GcOR.png" />
      <file href="mobile/txt__default_Drop Correct_63d5W43GcOR.png" />
      <file href="mobile/txt__default_6SA5U0dpMGj.png" />
      <file href="mobile/txt__default_Drop Incorrect_6SA5U0dpMGj.png" />
      <file href="mobile/txt__default_Drop Correct_6SA5U0dpMGj.png" />
      <file href="mobile/txt__default_6TNQkpOibai.png" />
      <file href="mobile/txt__default_Drop Incorrect_6TNQkpOibai.png" />
      <file href="mobile/txt__default_Drop Correct_6TNQkpOibai.png" />
      <file href="mobile/txt__default_6Y0qN5Ye7Sr.png" />
      <file href="mobile/txt__default_Drop Incorrect_6Y0qN5Ye7Sr.png" />
      <file href="mobile/txt__default_Drop Correct_6Y0qN5Ye7Sr.png" />
      <file href="mobile/txt__default_6pjgA9uV9md.png" />
      <file href="mobile/txt__default_Drop Incorrect_6pjgA9uV9md.png" />
      <file href="mobile/txt__default_Drop Correct_6pjgA9uV9md.png" />
      <file href="mobile/txt__default_6r13H0Dlqi2.png" />
      <file href="mobile/txt__default_Drop Incorrect_6r13H0Dlqi2.png" />
      <file href="mobile/txt__default_Drop Correct_6r13H0Dlqi2.png" />
      <file href="mobile/txt__default_6oa6rnBOVdw.png" />
      <file href="mobile/txt__default_Drop Incorrect_6oa6rnBOVdw.png" />
      <file href="mobile/txt__default_Drop Correct_6oa6rnBOVdw.png" />
      <file href="mobile/txt__default_5YFdVcTe4Sr.png" />
      <file href="mobile/txt__default_Drop Incorrect_5YFdVcTe4Sr.png" />
      <file href="mobile/txt__default_Drop Correct_5YFdVcTe4Sr.png" />
      <file href="mobile/Shape625YnT8Ukfj.png" />
      <file href="mobile/_default_Drop Incorrect_Shape625YnT8Ukfj.png" />
      <file href="mobile/_default_Drop Correct_Shape625YnT8Ukfj.png" />
      <file href="mobile/Shape67k2gttCHiT.png" />
      <file href="mobile/_default_Drop Incorrect_Shape67k2gttCHiT.png" />
      <file href="mobile/_default_Drop Correct_Shape67k2gttCHiT.png" />
      <file href="mobile/Shape6GZ9lQGIzDJ.png" />
      <file href="mobile/_default_Drop Incorrect_Shape6GZ9lQGIzDJ.png" />
      <file href="mobile/_default_Drop Correct_Shape6GZ9lQGIzDJ.png" />
      <file href="mobile/Shape6NNs0YJ3fn5.png" />
      <file href="mobile/_default_Drop Incorrect_Shape6NNs0YJ3fn5.png" />
      <file href="mobile/_default_Drop Correct_Shape6NNs0YJ3fn5.png" />
      <file href="mobile/Shape5eWl1Q9HqDF.png" />
      <file href="mobile/_default_Drop Incorrect_Shape5eWl1Q9HqDF.png" />
      <file href="mobile/_default_Drop Correct_Shape5eWl1Q9HqDF.png" />
      <file href="mobile/Shape5rNiJl2hQjM.png" />
      <file href="mobile/_default_Drop Incorrect_Shape5rNiJl2hQjM.png" />
      <file href="mobile/_default_Drop Correct_Shape5rNiJl2hQjM.png" />
      <file href="mobile/Shape6J6CNVOLKMA.png" />
      <file href="mobile/_default_Drop Incorrect_Shape6J6CNVOLKMA.png" />
      <file href="mobile/_default_Drop Correct_Shape6J6CNVOLKMA.png" />
      <file href="mobile/txt__default_5ZdCdLAqIlh.png" />
      <file href="mobile/txt__default_Drop Incorrect_5ZdCdLAqIlh.png" />
      <file href="mobile/txt__default_Drop Correct_5ZdCdLAqIlh.png" />
      <file href="mobile/txt__default_669QMfvYhd2.png" />
      <file href="mobile/txt__default_Drop Incorrect_669QMfvYhd2.png" />
      <file href="mobile/txt__default_Drop Correct_669QMfvYhd2.png" />
      <file href="mobile/txt__default_5Zq2kIIl43f.png" />
      <file href="mobile/txt__default_Drop Incorrect_5Zq2kIIl43f.png" />
      <file href="mobile/txt__default_Drop Correct_5Zq2kIIl43f.png" />
      <file href="mobile/txt__default_6QXB3ExFDlU.png" />
      <file href="mobile/txt__default_Drop Incorrect_6QXB3ExFDlU.png" />
      <file href="mobile/txt__default_Drop Correct_6QXB3ExFDlU.png" />
      <file href="mobile/txt__default_6U5F2frBVlx.png" />
      <file href="mobile/txt__default_Drop Incorrect_6U5F2frBVlx.png" />
      <file href="mobile/txt__default_Drop Correct_6U5F2frBVlx.png" />
      <file href="mobile/txt__default_6QmdlZMdj5L.png" />
      <file href="mobile/txt__default_Drop Incorrect_6QmdlZMdj5L.png" />
      <file href="mobile/txt__default_Drop Correct_6QmdlZMdj5L.png" />
      <file href="mobile/txt__default_6KeZyeflqO9.png" />
      <file href="mobile/txt__default_Drop Incorrect_6KeZyeflqO9.png" />
      <file href="mobile/txt__default_Drop Correct_6KeZyeflqO9.png" />
      <file href="mobile/txt__default_6r7BCwgHYzX.png" />
      <file href="mobile/txt__default_Drop Incorrect_6r7BCwgHYzX.png" />
      <file href="mobile/txt__default_Drop Correct_6r7BCwgHYzX.png" />
      <file href="mobile/txt__default_5xQp0rfOa53.png" />
      <file href="mobile/txt__default_Drop Incorrect_5xQp0rfOa53.png" />
      <file href="mobile/txt__default_Drop Correct_5xQp0rfOa53.png" />
      <file href="mobile/Shape64KWP2QNQJ6.png" />
      <file href="mobile/Incorrect_Shape64KWP2QNQJ6.png" />
      <file href="mobile/Correct_Shape64KWP2QNQJ6.png" />
      <file href="mobile/Shape6AemPaeBDTa.png" />
      <file href="mobile/Incorrect_Shape6AemPaeBDTa.png" />
      <file href="mobile/Correct_Shape6AemPaeBDTa.png" />
      <file href="mobile/Shape5qpYwy67aWq.png" />
      <file href="mobile/Incorrect_Shape5qpYwy67aWq.png" />
      <file href="mobile/Correct_Shape5qpYwy67aWq.png" />
      <file href="mobile/Shape68x4ViVLy62.png" />
      <file href="mobile/Incorrect_Shape68x4ViVLy62.png" />
      <file href="mobile/Correct_Shape68x4ViVLy62.png" />
      <file href="mobile/Shape69qiEUmd3xN.png" />
      <file href="mobile/Incorrect_Shape69qiEUmd3xN.png" />
      <file href="mobile/Correct_Shape69qiEUmd3xN.png" />
      <file href="mobile/Shape6XqZJOUsn2s.png" />
      <file href="mobile/Incorrect_Shape6XqZJOUsn2s.png" />
      <file href="mobile/Correct_Shape6XqZJOUsn2s.png" />
      <file href="mobile/Shape5bTdpOhDqZr.png" />
      <file href="mobile/Incorrect_Shape5bTdpOhDqZr.png" />
      <file href="mobile/Correct_Shape5bTdpOhDqZr.png" />
      <file href="mobile/Shape5fZRFfZhkD3.png" />
      <file href="mobile/Incorrect_Shape5fZRFfZhkD3.png" />
      <file href="mobile/Correct_Shape5fZRFfZhkD3.png" />
      <file href="mobile/Shape5kH0Wu7ldTb.png" />
      <file href="mobile/Incorrect_Shape5kH0Wu7ldTb.png" />
      <file href="mobile/Correct_Shape5kH0Wu7ldTb.png" />
      <file href="mobile/txt__default_6ZAbOav4f1t.png" />
      <file href="mobile/txt_Correct_6ZAbOav4f1t.png" />
      <file href="mobile/txt_Incorrect_6ZAbOav4f1t.png" />
      <file href="mobile/txt__default_6c1HYU80MoM.png" />
      <file href="mobile/txt_Correct_6c1HYU80MoM.png" />
      <file href="mobile/txt_Incorrect_6c1HYU80MoM.png" />
      <file href="mobile/txt__default_5XRpsqdjS8L.png" />
      <file href="mobile/txt_Correct_5XRpsqdjS8L.png" />
      <file href="mobile/txt_Incorrect_5XRpsqdjS8L.png" />
      <file href="mobile/txt__default_6QBEY4kFeVG.png" />
      <file href="mobile/txt_Correct_6QBEY4kFeVG.png" />
      <file href="mobile/txt_Incorrect_6QBEY4kFeVG.png" />
      <file href="mobile/txt__default_6aBQy2iRR5b.png" />
      <file href="mobile/txt_Correct_6aBQy2iRR5b.png" />
      <file href="mobile/txt_Incorrect_6aBQy2iRR5b.png" />
      <file href="mobile/txt__default_6lgyF7wN2OA.png" />
      <file href="mobile/txt_Correct_6lgyF7wN2OA.png" />
      <file href="mobile/txt_Incorrect_6lgyF7wN2OA.png" />
      <file href="mobile/txt__default_6Y47aRwgr0h.png" />
      <file href="mobile/txt_Correct_6Y47aRwgr0h.png" />
      <file href="mobile/txt_Incorrect_6Y47aRwgr0h.png" />
      <file href="mobile/txt__default_5ltM1XO2Aid.png" />
      <file href="mobile/txt_Correct_5ltM1XO2Aid.png" />
      <file href="mobile/txt_Incorrect_5ltM1XO2Aid.png" />
      <file href="mobile/txt__default_5iPDlOImUH5.png" />
      <file href="mobile/txt_Correct_5iPDlOImUH5.png" />
      <file href="mobile/txt_Incorrect_5iPDlOImUH5.png" />
      <file href="mobile/Shape6mD5ZAobHJ4.png" />
      <file href="mobile/Incorrect_Shape6mD5ZAobHJ4.png" />
      <file href="mobile/Correct_Shape6mD5ZAobHJ4.png" />
      <file href="mobile/Shape5mjtVvQTjXT.png" />
      <file href="mobile/Incorrect_Shape5mjtVvQTjXT.png" />
      <file href="mobile/Correct_Shape5mjtVvQTjXT.png" />
      <file href="mobile/Shape5w03sRTjldb.png" />
      <file href="mobile/Incorrect_Shape5w03sRTjldb.png" />
      <file href="mobile/Correct_Shape5w03sRTjldb.png" />
      <file href="mobile/Shape6lTqqxbaIYK.png" />
      <file href="mobile/Incorrect_Shape6lTqqxbaIYK.png" />
      <file href="mobile/Correct_Shape6lTqqxbaIYK.png" />
      <file href="mobile/Shape6BfcIsm40Mu.png" />
      <file href="mobile/Incorrect_Shape6BfcIsm40Mu.png" />
      <file href="mobile/Correct_Shape6BfcIsm40Mu.png" />
      <file href="mobile/Shape6T1Zwzk0x5x.png" />
      <file href="mobile/Incorrect_Shape6T1Zwzk0x5x.png" />
      <file href="mobile/Correct_Shape6T1Zwzk0x5x.png" />
      <file href="mobile/Shape6JcGPzQZxgo.png" />
      <file href="mobile/Incorrect_Shape6JcGPzQZxgo.png" />
      <file href="mobile/Correct_Shape6JcGPzQZxgo.png" />
      <file href="mobile/txt__default_60BR8AkYhlu.png" />
      <file href="mobile/txt_Correct_60BR8AkYhlu.png" />
      <file href="mobile/txt_Incorrect_60BR8AkYhlu.png" />
      <file href="mobile/txt__default_6b1TllqzYRE.png" />
      <file href="mobile/txt_Correct_6b1TllqzYRE.png" />
      <file href="mobile/txt_Incorrect_6b1TllqzYRE.png" />
      <file href="mobile/txt__default_6SmDIremRa3.png" />
      <file href="mobile/txt_Correct_6SmDIremRa3.png" />
      <file href="mobile/txt_Incorrect_6SmDIremRa3.png" />
      <file href="mobile/txt__default_6BMPz4eHBxQ.png" />
      <file href="mobile/txt_Correct_6BMPz4eHBxQ.png" />
      <file href="mobile/txt_Incorrect_6BMPz4eHBxQ.png" />
      <file href="mobile/txt__default_6O42Q0q5yba.png" />
      <file href="mobile/txt_Correct_6O42Q0q5yba.png" />
      <file href="mobile/txt_Incorrect_6O42Q0q5yba.png" />
      <file href="mobile/txt__default_5V20wts30uo.png" />
      <file href="mobile/txt_Correct_5V20wts30uo.png" />
      <file href="mobile/txt_Incorrect_5V20wts30uo.png" />
      <file href="mobile/txt__default_5rOFp4hIFWI.png" />
      <file href="mobile/txt_Correct_5rOFp4hIFWI.png" />
      <file href="mobile/txt_Incorrect_5rOFp4hIFWI.png" />
      <file href="mobile/txt__default_6k15t2yJval.png" />
      <file href="mobile/txt_Correct_6k15t2yJval.png" />
      <file href="mobile/txt_Incorrect_6k15t2yJval.png" />
      <file href="mobile/txt__default_6bjOJerzTTb.png" />
      <file href="mobile/txt_Correct_6bjOJerzTTb.png" />
      <file href="mobile/txt_Incorrect_6bjOJerzTTb.png" />
      <file href="mobile/Shape5oKpXQRsVB2.png" />
      <file href="mobile/Incorrect_Shape5oKpXQRsVB2.png" />
      <file href="mobile/Correct_Shape5oKpXQRsVB2.png" />
      <file href="mobile/Shape65h6632P2jE.png" />
      <file href="mobile/Incorrect_Shape65h6632P2jE.png" />
      <file href="mobile/Correct_Shape65h6632P2jE.png" />
      <file href="mobile/Shape6nxpLqvtedr.png" />
      <file href="mobile/Incorrect_Shape6nxpLqvtedr.png" />
      <file href="mobile/Correct_Shape6nxpLqvtedr.png" />
      <file href="mobile/Shape5udckLR1Idy.png" />
      <file href="mobile/Incorrect_Shape5udckLR1Idy.png" />
      <file href="mobile/Correct_Shape5udckLR1Idy.png" />
      <file href="mobile/Shape6ZmdNjseYjC.png" />
      <file href="mobile/Incorrect_Shape6ZmdNjseYjC.png" />
      <file href="mobile/Correct_Shape6ZmdNjseYjC.png" />
      <file href="mobile/Shape5gQBX3ZQKJx.png" />
      <file href="mobile/Incorrect_Shape5gQBX3ZQKJx.png" />
      <file href="mobile/Correct_Shape5gQBX3ZQKJx.png" />
      <file href="mobile/Shape6hBBD3lZ014.png" />
      <file href="mobile/Incorrect_Shape6hBBD3lZ014.png" />
      <file href="mobile/Correct_Shape6hBBD3lZ014.png" />
      <file href="mobile/Shape6jID0TD1frY.png" />
      <file href="mobile/Incorrect_Shape6jID0TD1frY.png" />
      <file href="mobile/Correct_Shape6jID0TD1frY.png" />
      <file href="mobile/txt__default_6V7Cvrv0DZy.png" />
      <file href="mobile/txt_Correct_6V7Cvrv0DZy.png" />
      <file href="mobile/txt_Incorrect_6V7Cvrv0DZy.png" />
      <file href="mobile/txt__default_6nN2GnRJNsv.png" />
      <file href="mobile/txt_Correct_6nN2GnRJNsv.png" />
      <file href="mobile/txt_Incorrect_6nN2GnRJNsv.png" />
      <file href="mobile/txt__default_6DXzd334x6e.png" />
      <file href="mobile/txt_Correct_6DXzd334x6e.png" />
      <file href="mobile/txt_Incorrect_6DXzd334x6e.png" />
      <file href="mobile/txt__default_6dGgVCOih2c.png" />
      <file href="mobile/txt_Correct_6dGgVCOih2c.png" />
      <file href="mobile/txt_Incorrect_6dGgVCOih2c.png" />
      <file href="mobile/txt__default_6e0Glje4gHf.png" />
      <file href="mobile/txt_Correct_6e0Glje4gHf.png" />
      <file href="mobile/txt_Incorrect_6e0Glje4gHf.png" />
      <file href="mobile/txt__default_6LR65mZ3JYs.png" />
      <file href="mobile/txt_Correct_6LR65mZ3JYs.png" />
      <file href="mobile/txt_Incorrect_6LR65mZ3JYs.png" />
      <file href="mobile/txt__default_6PuqfCNHHsN.png" />
      <file href="mobile/txt_Correct_6PuqfCNHHsN.png" />
      <file href="mobile/txt_Incorrect_6PuqfCNHHsN.png" />
      <file href="mobile/txt__default_5ZoE5xalbwh.png" />
      <file href="mobile/txt_Correct_5ZoE5xalbwh.png" />
      <file href="mobile/txt_Incorrect_5ZoE5xalbwh.png" />
      <file href="mobile/Shape5qsQi3OoWyG.png" />
      <file href="mobile/Incorrect_Shape5qsQi3OoWyG.png" />
      <file href="mobile/Correct_Shape5qsQi3OoWyG.png" />
      <file href="mobile/Shape6qnIk4lnNWo.png" />
      <file href="mobile/Incorrect_Shape6qnIk4lnNWo.png" />
      <file href="mobile/Correct_Shape6qnIk4lnNWo.png" />
      <file href="mobile/Shape6PkLfTOFHgE.png" />
      <file href="mobile/Incorrect_Shape6PkLfTOFHgE.png" />
      <file href="mobile/Correct_Shape6PkLfTOFHgE.png" />
      <file href="mobile/Shape65kcqDaVCov.png" />
      <file href="mobile/Incorrect_Shape65kcqDaVCov.png" />
      <file href="mobile/Correct_Shape65kcqDaVCov.png" />
      <file href="mobile/Shape66xf4Kgk4XL.png" />
      <file href="mobile/Incorrect_Shape66xf4Kgk4XL.png" />
      <file href="mobile/Correct_Shape66xf4Kgk4XL.png" />
      <file href="mobile/Shape6bjaXoDYIaD.png" />
      <file href="mobile/Incorrect_Shape6bjaXoDYIaD.png" />
      <file href="mobile/Correct_Shape6bjaXoDYIaD.png" />
      <file href="mobile/Shape6bwL2IrlOyn.png" />
      <file href="mobile/Incorrect_Shape6bwL2IrlOyn.png" />
      <file href="mobile/Correct_Shape6bwL2IrlOyn.png" />
      <file href="mobile/Shape5jnneNvp5vw.png" />
      <file href="mobile/Incorrect_Shape5jnneNvp5vw.png" />
      <file href="mobile/Correct_Shape5jnneNvp5vw.png" />
      <file href="mobile/Shape5mSgTWLQ8IV.png" />
      <file href="mobile/Incorrect_Shape5mSgTWLQ8IV.png" />
      <file href="mobile/Correct_Shape5mSgTWLQ8IV.png" />
      <file href="mobile/txt__default_6RGUd2Osfhm.png" />
      <file href="mobile/txt_Correct_6RGUd2Osfhm.png" />
      <file href="mobile/txt_Incorrect_6RGUd2Osfhm.png" />
      <file href="mobile/txt__default_6RUAzDjPa0x.png" />
      <file href="mobile/txt_Correct_6RUAzDjPa0x.png" />
      <file href="mobile/txt_Incorrect_6RUAzDjPa0x.png" />
      <file href="mobile/txt__default_6SYYYuDzRZL.png" />
      <file href="mobile/txt_Correct_6SYYYuDzRZL.png" />
      <file href="mobile/txt_Incorrect_6SYYYuDzRZL.png" />
      <file href="mobile/txt__default_6rdGdkxCNkv.png" />
      <file href="mobile/txt_Correct_6rdGdkxCNkv.png" />
      <file href="mobile/txt_Incorrect_6rdGdkxCNkv.png" />
      <file href="mobile/txt__default_5lwpE3Qg0uX.png" />
      <file href="mobile/txt_Correct_5lwpE3Qg0uX.png" />
      <file href="mobile/txt_Incorrect_5lwpE3Qg0uX.png" />
      <file href="mobile/txt__default_6pbEgaDuzeF.png" />
      <file href="mobile/txt_Correct_6pbEgaDuzeF.png" />
      <file href="mobile/txt_Incorrect_6pbEgaDuzeF.png" />
      <file href="mobile/txt__default_5nfdIMcNe46.png" />
      <file href="mobile/txt_Correct_5nfdIMcNe46.png" />
      <file href="mobile/txt_Incorrect_5nfdIMcNe46.png" />
      <file href="mobile/txt__default_69PQJjr7t0q.png" />
      <file href="mobile/txt_Correct_69PQJjr7t0q.png" />
      <file href="mobile/txt_Incorrect_69PQJjr7t0q.png" />
      <file href="mobile/txt__default_6qP565dValX.png" />
      <file href="mobile/txt_Correct_6qP565dValX.png" />
      <file href="mobile/txt_Incorrect_6qP565dValX.png" />
      <file href="mobile/Shape63BKw4utf0s.png" />
      <file href="mobile/Incorrect_Shape63BKw4utf0s.png" />
      <file href="mobile/Correct_Shape63BKw4utf0s.png" />
      <file href="mobile/Shape5y8FSZjnPV6.png" />
      <file href="mobile/Incorrect_Shape5y8FSZjnPV6.png" />
      <file href="mobile/Correct_Shape5y8FSZjnPV6.png" />
      <file href="mobile/Shape5hoLVkEWbx3.png" />
      <file href="mobile/Incorrect_Shape5hoLVkEWbx3.png" />
      <file href="mobile/Correct_Shape5hoLVkEWbx3.png" />
      <file href="mobile/Shape6DSmfNCi9lg.png" />
      <file href="mobile/Incorrect_Shape6DSmfNCi9lg.png" />
      <file href="mobile/Correct_Shape6DSmfNCi9lg.png" />
      <file href="mobile/Shape6HqNMiH8IHd.png" />
      <file href="mobile/Incorrect_Shape6HqNMiH8IHd.png" />
      <file href="mobile/Correct_Shape6HqNMiH8IHd.png" />
      <file href="mobile/Shape6qFtxAf6zvS.png" />
      <file href="mobile/Incorrect_Shape6qFtxAf6zvS.png" />
      <file href="mobile/Correct_Shape6qFtxAf6zvS.png" />
      <file href="mobile/Shape5giVfJXoy3x.png" />
      <file href="mobile/Incorrect_Shape5giVfJXoy3x.png" />
      <file href="mobile/Correct_Shape5giVfJXoy3x.png" />
      <file href="mobile/txt__default_6YXMIw2KZIU.png" />
      <file href="mobile/txt_Correct_6YXMIw2KZIU.png" />
      <file href="mobile/txt_Incorrect_6YXMIw2KZIU.png" />
      <file href="mobile/txt__default_5oV2cNjAv2c.png" />
      <file href="mobile/txt_Correct_5oV2cNjAv2c.png" />
      <file href="mobile/txt_Incorrect_5oV2cNjAv2c.png" />
      <file href="mobile/txt__default_6QxDmqLoXJE.png" />
      <file href="mobile/txt_Correct_6QxDmqLoXJE.png" />
      <file href="mobile/txt_Incorrect_6QxDmqLoXJE.png" />
      <file href="mobile/txt__default_5r2715pCQdX.png" />
      <file href="mobile/txt_Correct_5r2715pCQdX.png" />
      <file href="mobile/txt_Incorrect_5r2715pCQdX.png" />
      <file href="mobile/txt__default_5XFKm8TaOEs.png" />
      <file href="mobile/txt_Correct_5XFKm8TaOEs.png" />
      <file href="mobile/txt_Incorrect_5XFKm8TaOEs.png" />
      <file href="mobile/txt__default_65gb1PIPYic.png" />
      <file href="mobile/txt_Correct_65gb1PIPYic.png" />
      <file href="mobile/txt_Incorrect_65gb1PIPYic.png" />
      <file href="mobile/txt__default_6c7l7lAXuxp.png" />
      <file href="mobile/txt_Correct_6c7l7lAXuxp.png" />
      <file href="mobile/txt_Incorrect_6c7l7lAXuxp.png" />
      <file href="mobile/txt__default_5uB8AdtYUvu.png" />
      <file href="mobile/txt_Correct_5uB8AdtYUvu.png" />
      <file href="mobile/txt_Incorrect_5uB8AdtYUvu.png" />
      <file href="mobile/txt__default_6kR8yJPIIyB.png" />
      <file href="mobile/txt_Correct_6kR8yJPIIyB.png" />
      <file href="mobile/txt_Incorrect_6kR8yJPIIyB.png" />
      <file href="mobile/Shape6GZz3npTnez.png" />
      <file href="mobile/Incorrect_Shape6GZz3npTnez.png" />
      <file href="mobile/Correct_Shape6GZz3npTnez.png" />
      <file href="mobile/Shape6aLK6sPbpVN.png" />
      <file href="mobile/Incorrect_Shape6aLK6sPbpVN.png" />
      <file href="mobile/Correct_Shape6aLK6sPbpVN.png" />
      <file href="mobile/Shape5iSXnUyfA4I.png" />
      <file href="mobile/Incorrect_Shape5iSXnUyfA4I.png" />
      <file href="mobile/Correct_Shape5iSXnUyfA4I.png" />
      <file href="mobile/Shape6DZgvWLugYm.png" />
      <file href="mobile/Incorrect_Shape6DZgvWLugYm.png" />
      <file href="mobile/Correct_Shape6DZgvWLugYm.png" />
      <file href="mobile/Shape6TsAjqCi9rG.png" />
      <file href="mobile/Incorrect_Shape6TsAjqCi9rG.png" />
      <file href="mobile/Correct_Shape6TsAjqCi9rG.png" />
      <file href="mobile/Shape5fvyN6gLYMn.png" />
      <file href="mobile/Incorrect_Shape5fvyN6gLYMn.png" />
      <file href="mobile/Correct_Shape5fvyN6gLYMn.png" />
      <file href="mobile/Shape5ygT5VL7Twf.png" />
      <file href="mobile/Incorrect_Shape5ygT5VL7Twf.png" />
      <file href="mobile/Correct_Shape5ygT5VL7Twf.png" />
      <file href="mobile/Shape6cvmj2iWguL.png" />
      <file href="mobile/Incorrect_Shape6cvmj2iWguL.png" />
      <file href="mobile/Correct_Shape6cvmj2iWguL.png" />
      <file href="mobile/txt__default_6j3ceooRVVT.png" />
      <file href="mobile/txt_Correct_6j3ceooRVVT.png" />
      <file href="mobile/txt_Incorrect_6j3ceooRVVT.png" />
      <file href="mobile/txt__default_6LAYEybacAZ.png" />
      <file href="mobile/txt_Correct_6LAYEybacAZ.png" />
      <file href="mobile/txt_Incorrect_6LAYEybacAZ.png" />
      <file href="mobile/txt__default_5r3XMSnsFKQ.png" />
      <file href="mobile/txt_Correct_5r3XMSnsFKQ.png" />
      <file href="mobile/txt_Incorrect_5r3XMSnsFKQ.png" />
      <file href="mobile/txt__default_6COO6cdcecU.png" />
      <file href="mobile/txt_Correct_6COO6cdcecU.png" />
      <file href="mobile/txt_Incorrect_6COO6cdcecU.png" />
      <file href="mobile/txt__default_6R2A4bY7v0V.png" />
      <file href="mobile/txt_Correct_6R2A4bY7v0V.png" />
      <file href="mobile/txt_Incorrect_6R2A4bY7v0V.png" />
      <file href="mobile/txt__default_6FkxgkUuph3.png" />
      <file href="mobile/txt_Correct_6FkxgkUuph3.png" />
      <file href="mobile/txt_Incorrect_6FkxgkUuph3.png" />
      <file href="mobile/txt__default_6R9vIMk8OIT.png" />
      <file href="mobile/txt_Correct_6R9vIMk8OIT.png" />
      <file href="mobile/txt_Incorrect_6R9vIMk8OIT.png" />
      <file href="mobile/txt__default_6Lxc6vcdg3S.png" />
      <file href="mobile/txt_Correct_6Lxc6vcdg3S.png" />
      <file href="mobile/txt_Incorrect_6Lxc6vcdg3S.png" />
      <file href="mobile/Shape5hEqOCNOYrE.png" />
      <file href="mobile/Incorrect_Shape5hEqOCNOYrE.png" />
      <file href="mobile/Correct_Shape5hEqOCNOYrE.png" />
      <file href="mobile/txt__default_6B4sx92zd0Q.png" />
      <file href="mobile/txt__default_6WNbWXLZTyb.png" />
      <file href="mobile/txt__default_5XdaJMObrgO.png" />
      <file href="mobile/txt__default_63tlYuLPwGG.png" />
      <file href="mobile/txt__default_5VoLUIR5ldf.png" />
      <file href="mobile/txt__default_5ed1lEgCdXS.png" />
      <file href="mobile/txt__default_5kDWvlevxwX.png" />
      <file href="mobile/txt__default_5Y1K2ksD4QZ.png" />
      <file href="mobile/txt__default_5gozaCMGavY.png" />
      <file href="mobile/txt_Correct_5gozaCMGavY.png" />
      <file href="mobile/txt_Incorrect_5gozaCMGavY.png" />
      <file href="mobile/txt__default_5ntSChiIqv7.png" />
      <file href="mobile/txt_Correct_5ntSChiIqv7.png" />
      <file href="mobile/txt_Incorrect_5ntSChiIqv7.png" />
      <file href="mobile/txt__default_5ZFI8AgTH7Y.png" />
      <file href="mobile/txt_Correct_5ZFI8AgTH7Y.png" />
      <file href="mobile/txt_Incorrect_5ZFI8AgTH7Y.png" />
      <file href="mobile/txt__default_5xugdEvJVBv.png" />
      <file href="mobile/txt_Correct_5xugdEvJVBv.png" />
      <file href="mobile/txt_Incorrect_5xugdEvJVBv.png" />
      <file href="mobile/txt__default_5tpzalOIrle.png" />
      <file href="mobile/txt_Correct_5tpzalOIrle.png" />
      <file href="mobile/txt_Incorrect_5tpzalOIrle.png" />
      <file href="mobile/txt__default_5wfGM0mf6Zp.png" />
      <file href="mobile/txt_Correct_5wfGM0mf6Zp.png" />
      <file href="mobile/txt_Incorrect_5wfGM0mf6Zp.png" />
      <file href="mobile/txt__default_6eOpmeJdT91.png" />
      <file href="mobile/txt_Correct_6eOpmeJdT91.png" />
      <file href="mobile/txt_Incorrect_6eOpmeJdT91.png" />
      <file href="mobile/txt__default_6kwNalzo2ff.png" />
      <file href="mobile/txt_Correct_6kwNalzo2ff.png" />
      <file href="mobile/txt_Incorrect_6kwNalzo2ff.png" />
      <file href="mobile/txt__default_6fM9inQcerb.png" />
      <file href="mobile/txt_Correct_6fM9inQcerb.png" />
      <file href="mobile/txt_Incorrect_6fM9inQcerb.png" />
      <file href="mobile/Shape5wF1QxiyOKc.png" />
      <file href="mobile/Incorrect_Shape5wF1QxiyOKc.png" />
      <file href="mobile/Correct_Shape5wF1QxiyOKc.png" />
      <file href="mobile/txt__default_6Ku29R3tME2.png" />
      <file href="mobile/txt_Correct_6Ku29R3tME2.png" />
      <file href="mobile/txt_Incorrect_6Ku29R3tME2.png" />
      <file href="mobile/txt__default_6W3cWI9VgPz.png" />
      <file href="mobile/txt__default_6p41WAcArrc.png" />
      <file href="mobile/txt_Correct_6p41WAcArrc.png" />
      <file href="mobile/txt_Incorrect_6p41WAcArrc.png" />
      <file href="mobile/txt__default_69hG9dY0xDd.png" />
      <file href="mobile/txt_Correct_69hG9dY0xDd.png" />
      <file href="mobile/txt_Incorrect_69hG9dY0xDd.png" />
      <file href="mobile/txt__default_6DTigEqlUdt.png" />
      <file href="mobile/txt_Correct_6DTigEqlUdt.png" />
      <file href="mobile/txt_Incorrect_6DTigEqlUdt.png" />
      <file href="mobile/txt__default_6Kogskp8nq1.png" />
      <file href="mobile/txt_Correct_6Kogskp8nq1.png" />
      <file href="mobile/txt_Incorrect_6Kogskp8nq1.png" />
      <file href="mobile/txt__default_6D21TSgGRpw.png" />
      <file href="mobile/txt_Correct_6D21TSgGRpw.png" />
      <file href="mobile/txt_Incorrect_6D21TSgGRpw.png" />
      <file href="mobile/txt__default_5kbOMQeB1OR.png" />
      <file href="mobile/txt_Correct_5kbOMQeB1OR.png" />
      <file href="mobile/txt_Incorrect_5kbOMQeB1OR.png" />
      <file href="mobile/txt__default_6dZzUoV5gYG.png" />
      <file href="mobile/txt_Correct_6dZzUoV5gYG.png" />
      <file href="mobile/txt_Incorrect_6dZzUoV5gYG.png" />
      <file href="mobile/txt__default_6gydtnjTDFa.png" />
      <file href="mobile/txt_Correct_6gydtnjTDFa.png" />
      <file href="mobile/txt_Incorrect_6gydtnjTDFa.png" />
      <file href="mobile/txt__default_6hnZwVem9v4.png" />
      <file href="mobile/txt_Correct_6hnZwVem9v4.png" />
      <file href="mobile/txt_Incorrect_6hnZwVem9v4.png" />
      <file href="mobile/txt__default_5jUsAsNtHGO.png" />
      <file href="mobile/txt_Correct_5jUsAsNtHGO.png" />
      <file href="mobile/txt_Incorrect_5jUsAsNtHGO.png" />
      <file href="mobile/txt__default_5ulvi6v1ACl.png" />
      <file href="mobile/txt_Correct_5ulvi6v1ACl.png" />
      <file href="mobile/txt_Incorrect_5ulvi6v1ACl.png" />
      <file href="mobile/txt__default_5l8Wh4U1ETN.png" />
      <file href="mobile/txt_Correct_5l8Wh4U1ETN.png" />
      <file href="mobile/txt_Incorrect_5l8Wh4U1ETN.png" />
      <file href="mobile/txt__default_5mwPcivENPf.png" />
      <file href="mobile/txt_Correct_5mwPcivENPf.png" />
      <file href="mobile/txt_Incorrect_5mwPcivENPf.png" />
      <file href="mobile/Shape6DIe2dsaH4d.png" />
      <file href="mobile/Incorrect_Shape6DIe2dsaH4d.png" />
      <file href="mobile/Correct_Shape6DIe2dsaH4d.png" />
      <file href="mobile/txt__default_67OFhj72pdI.png" />
      <file href="mobile/txt_Correct_67OFhj72pdI.png" />
      <file href="mobile/txt_Incorrect_67OFhj72pdI.png" />
      <file href="mobile/txt__default_6UHu57n4T1w.png" />
      <file href="mobile/txt__default_6YKBRQyuj0s.png" />
      <file href="mobile/txt_Correct_6YKBRQyuj0s.png" />
      <file href="mobile/txt_Incorrect_6YKBRQyuj0s.png" />
      <file href="mobile/txt__default_5eW8YRWMuHC.png" />
      <file href="mobile/txt_Correct_5eW8YRWMuHC.png" />
      <file href="mobile/txt_Incorrect_5eW8YRWMuHC.png" />
      <file href="mobile/txt__default_6i3kFL2V4D3.png" />
      <file href="mobile/txt_Correct_6i3kFL2V4D3.png" />
      <file href="mobile/txt_Incorrect_6i3kFL2V4D3.png" />
      <file href="mobile/txt__default_6XKLkX3Wg7i.png" />
      <file href="mobile/txt_Correct_6XKLkX3Wg7i.png" />
      <file href="mobile/txt_Incorrect_6XKLkX3Wg7i.png" />
      <file href="mobile/txt__default_62Ap2LM1JkU.png" />
      <file href="mobile/txt_Correct_62Ap2LM1JkU.png" />
      <file href="mobile/txt_Incorrect_62Ap2LM1JkU.png" />
      <file href="mobile/txt__default_6MVXMG5UNzo.png" />
      <file href="mobile/txt_Correct_6MVXMG5UNzo.png" />
      <file href="mobile/txt_Incorrect_6MVXMG5UNzo.png" />
      <file href="mobile/txt__default_6ERW0kNSM1I.png" />
      <file href="mobile/txt_Correct_6ERW0kNSM1I.png" />
      <file href="mobile/txt_Incorrect_6ERW0kNSM1I.png" />
      <file href="mobile/txt__default_5xp3LnCyIsk.png" />
      <file href="mobile/txt_Correct_5xp3LnCyIsk.png" />
      <file href="mobile/txt_Incorrect_5xp3LnCyIsk.png" />
      <file href="mobile/txt__default_5kd81GTQhTC.png" />
      <file href="mobile/txt_Correct_5kd81GTQhTC.png" />
      <file href="mobile/txt_Incorrect_5kd81GTQhTC.png" />
      <file href="mobile/txt__default_5xwa14b7x7q.png" />
      <file href="mobile/txt_Correct_5xwa14b7x7q.png" />
      <file href="mobile/txt_Incorrect_5xwa14b7x7q.png" />
      <file href="mobile/txt__default_5vAIqecxwb6.png" />
      <file href="mobile/txt_Correct_5vAIqecxwb6.png" />
      <file href="mobile/txt_Incorrect_5vAIqecxwb6.png" />
      <file href="mobile/txt__default_67X5QjKkUbf.png" />
      <file href="mobile/txt_Correct_67X5QjKkUbf.png" />
      <file href="mobile/txt_Incorrect_67X5QjKkUbf.png" />
      <file href="mobile/txt__default_5Uw7lYnl4hV.png" />
      <file href="mobile/txt_Correct_5Uw7lYnl4hV.png" />
      <file href="mobile/txt_Incorrect_5Uw7lYnl4hV.png" />
      <file href="mobile/Shape6GuWgcmjKcr.png" />
      <file href="mobile/Incorrect_Shape6GuWgcmjKcr.png" />
      <file href="mobile/Correct_Shape6GuWgcmjKcr.png" />
      <file href="mobile/txt__default_6XVspUzif7P.png" />
      <file href="mobile/txt__default_6iSUXM9zrt8.png" />
      <file href="mobile/txt__default_5wGP9zjG07n.png" />
      <file href="mobile/txt__default_6Viq5C2ZWco.png" />
      <file href="mobile/txt__default_6ht0cuO80Rh.png" />
      <file href="mobile/txt__default_6rAoRZL8u4P.png" />
      <file href="mobile/txt__default_6glHe2vYdgm.png" />
      <file href="mobile/txt__default_6jXmtQwTIiq.png" />
      <file href="mobile/txt__default_5rwyzTEZSdZ.png" />
      <file href="mobile/txt__default_Drop Incorrect_5rwyzTEZSdZ.png" />
      <file href="mobile/txt__default_Drop Correct_5rwyzTEZSdZ.png" />
      <file href="mobile/txt__default_5ZhdV3fHcKd.png" />
      <file href="mobile/txt__default_Drop Incorrect_5ZhdV3fHcKd.png" />
      <file href="mobile/txt__default_Drop Correct_5ZhdV3fHcKd.png" />
      <file href="mobile/txt__default_5gLcCiKXP4K.png" />
      <file href="mobile/txt__default_Drop Incorrect_5gLcCiKXP4K.png" />
      <file href="mobile/txt__default_Drop Correct_5gLcCiKXP4K.png" />
      <file href="mobile/txt__default_5yaygrjIJ46.png" />
      <file href="mobile/txt__default_Drop Incorrect_5yaygrjIJ46.png" />
      <file href="mobile/txt__default_Drop Correct_5yaygrjIJ46.png" />
      <file href="mobile/txt__default_6kpufWXAivj.png" />
      <file href="mobile/txt__default_Drop Incorrect_6kpufWXAivj.png" />
      <file href="mobile/txt__default_Drop Correct_6kpufWXAivj.png" />
      <file href="mobile/txt__default_6ZaxbFXfgxP.png" />
      <file href="mobile/txt__default_Drop Incorrect_6ZaxbFXfgxP.png" />
      <file href="mobile/txt__default_Drop Correct_6ZaxbFXfgxP.png" />
      <file href="mobile/txt__default_6nqApOA7DzY.png" />
      <file href="mobile/txt__default_Drop Incorrect_6nqApOA7DzY.png" />
      <file href="mobile/txt__default_Drop Correct_6nqApOA7DzY.png" />
      <file href="mobile/txt__default_6UMpuPcsGyR.png" />
      <file href="mobile/txt__default_Drop Incorrect_6UMpuPcsGyR.png" />
      <file href="mobile/txt__default_Drop Correct_6UMpuPcsGyR.png" />
      <file href="mobile/txt__default_6Brit1Qrusx.png" />
      <file href="mobile/txt__default_Drop Incorrect_6Brit1Qrusx.png" />
      <file href="mobile/txt__default_Drop Correct_6Brit1Qrusx.png" />
      <file href="mobile/Shape6nQgaTzf4sL.png" />
      <file href="mobile/_default_Drop Incorrect_Shape6nQgaTzf4sL.png" />
      <file href="mobile/_default_Drop Correct_Shape6nQgaTzf4sL.png" />
      <file href="mobile/txt__default_5tcO3hiYUTY.png" />
      <file href="mobile/txt_Correct_5tcO3hiYUTY.png" />
      <file href="mobile/txt_Incorrect_5tcO3hiYUTY.png" />
      <file href="mobile/txt__default_6bdr7WO2nor.png" />
      <file href="mobile/txt_Correct_6bdr7WO2nor.png" />
      <file href="mobile/txt_Incorrect_6bdr7WO2nor.png" />
      <file href="mobile/txt__default_5xKv5OCFY59.png" />
      <file href="mobile/txt_Correct_5xKv5OCFY59.png" />
      <file href="mobile/txt_Incorrect_5xKv5OCFY59.png" />
      <file href="mobile/txt__default_5yFnNZ3AoIC.png" />
      <file href="mobile/txt_Correct_5yFnNZ3AoIC.png" />
      <file href="mobile/txt_Incorrect_5yFnNZ3AoIC.png" />
      <file href="mobile/txt__default_5eja0ToFOPy.png" />
      <file href="mobile/txt_Correct_5eja0ToFOPy.png" />
      <file href="mobile/txt_Incorrect_5eja0ToFOPy.png" />
      <file href="mobile/txt__default_6BdB65WULba.png" />
      <file href="mobile/txt_Correct_6BdB65WULba.png" />
      <file href="mobile/txt_Incorrect_6BdB65WULba.png" />
      <file href="mobile/txt__default_5nRTNsl3yp1.png" />
      <file href="mobile/txt__default_6YGNxoLfS54.png" />
      <file href="mobile/txt__default_Drop Incorrect_6YGNxoLfS54.png" />
      <file href="mobile/txt__default_Drop Correct_6YGNxoLfS54.png" />
      <file href="mobile/txt__default_5quf5lFbCAP.png" />
      <file href="mobile/txt__default_Drop Incorrect_5quf5lFbCAP.png" />
      <file href="mobile/txt__default_Drop Correct_5quf5lFbCAP.png" />
      <file href="mobile/txt__default_62U5w0WvpFR.png" />
      <file href="mobile/txt__default_Drop Incorrect_62U5w0WvpFR.png" />
      <file href="mobile/txt__default_Drop Correct_62U5w0WvpFR.png" />
      <file href="mobile/txt__default_60OoEbilc6D.png" />
      <file href="mobile/txt__default_Drop Incorrect_60OoEbilc6D.png" />
      <file href="mobile/txt__default_Drop Correct_60OoEbilc6D.png" />
      <file href="mobile/txt__default_6IrpDvKfnhe.png" />
      <file href="mobile/txt__default_Drop Incorrect_6IrpDvKfnhe.png" />
      <file href="mobile/txt__default_Drop Correct_6IrpDvKfnhe.png" />
      <file href="mobile/txt__default_6gtuadH9Aio.png" />
      <file href="mobile/txt__default_Drop Incorrect_6gtuadH9Aio.png" />
      <file href="mobile/txt__default_Drop Correct_6gtuadH9Aio.png" />
      <file href="mobile/txt__default_5hOFnnQMEnk.png" />
      <file href="mobile/txt__default_Drop Incorrect_5hOFnnQMEnk.png" />
      <file href="mobile/txt__default_Drop Correct_5hOFnnQMEnk.png" />
      <file href="mobile/txt__default_5jCEuzyxWO1.png" />
      <file href="mobile/txt__default_Drop Incorrect_5jCEuzyxWO1.png" />
      <file href="mobile/txt__default_Drop Correct_5jCEuzyxWO1.png" />
      <file href="mobile/Shape6CHyhlxaqdR.png" />
      <file href="mobile/_default_Drop Incorrect_Shape6CHyhlxaqdR.png" />
      <file href="mobile/_default_Drop Correct_Shape6CHyhlxaqdR.png" />
      <file href="mobile/txt__default_6FYSbqE3Zz9.png" />
      <file href="mobile/txt__default_Drop Incorrect_6FYSbqE3Zz9.png" />
      <file href="mobile/txt__default_Drop Correct_6FYSbqE3Zz9.png" />
      <file href="mobile/txt__default_5ZLyOxfoCcp.png" />
      <file href="mobile/txt__default_6ddfW9SLCOQ.png" />
      <file href="mobile/txt_Correct_6ddfW9SLCOQ.png" />
      <file href="mobile/txt_Incorrect_6ddfW9SLCOQ.png" />
      <file href="mobile/txt__default_6djxWrTBcjI.png" />
      <file href="mobile/txt_Correct_6djxWrTBcjI.png" />
      <file href="mobile/txt_Incorrect_6djxWrTBcjI.png" />
      <file href="mobile/txt__default_6OYGLE1vGUq.png" />
      <file href="mobile/txt_Correct_6OYGLE1vGUq.png" />
      <file href="mobile/txt_Incorrect_6OYGLE1vGUq.png" />
      <file href="mobile/txt__default_5jz8NTIZF2L.png" />
      <file href="mobile/txt_Correct_5jz8NTIZF2L.png" />
      <file href="mobile/txt_Incorrect_5jz8NTIZF2L.png" />
      <file href="mobile/txt__default_63Obo8JQaIx.png" />
      <file href="mobile/txt_Correct_63Obo8JQaIx.png" />
      <file href="mobile/txt_Incorrect_63Obo8JQaIx.png" />
      <file href="mobile/txt__default_6CyjrzKEd6x.png" />
      <file href="mobile/txt__default_Drop Incorrect_6CyjrzKEd6x.png" />
      <file href="mobile/txt__default_Drop Correct_6CyjrzKEd6x.png" />
      <file href="mobile/txt__default_6ZC9apuECWU.png" />
      <file href="mobile/txt__default_Drop Incorrect_6ZC9apuECWU.png" />
      <file href="mobile/txt__default_Drop Correct_6ZC9apuECWU.png" />
      <file href="mobile/txt__default_5hhoUR8HKFk.png" />
      <file href="mobile/txt__default_Drop Incorrect_5hhoUR8HKFk.png" />
      <file href="mobile/txt__default_Drop Correct_5hhoUR8HKFk.png" />
      <file href="mobile/txt__default_6gHLi3laDYP.png" />
      <file href="mobile/txt__default_Drop Incorrect_6gHLi3laDYP.png" />
      <file href="mobile/txt__default_Drop Correct_6gHLi3laDYP.png" />
      <file href="mobile/txt__default_5rY1VKCRRso.png" />
      <file href="mobile/txt__default_Drop Incorrect_5rY1VKCRRso.png" />
      <file href="mobile/txt__default_Drop Correct_5rY1VKCRRso.png" />
      <file href="mobile/txt__default_5YEl2DC9GoJ.png" />
      <file href="mobile/txt__default_Drop Incorrect_5YEl2DC9GoJ.png" />
      <file href="mobile/txt__default_Drop Correct_5YEl2DC9GoJ.png" />
      <file href="mobile/txt__default_6XbEGDB00G1.png" />
      <file href="mobile/txt__default_Drop Incorrect_6XbEGDB00G1.png" />
      <file href="mobile/txt__default_Drop Correct_6XbEGDB00G1.png" />
      <file href="mobile/txt__default_5f8iegsDsIZ.png" />
      <file href="mobile/txt__default_Drop Incorrect_5f8iegsDsIZ.png" />
      <file href="mobile/txt__default_Drop Correct_5f8iegsDsIZ.png" />
      <file href="mobile/Shape5dO1C8NUzSS.png" />
      <file href="mobile/Incorrect_Shape5dO1C8NUzSS.png" />
      <file href="mobile/Correct_Shape5dO1C8NUzSS.png" />
      <file href="mobile/Shape5Z8Nb1hgFIe.png" />
      <file href="mobile/Incorrect_Shape5Z8Nb1hgFIe.png" />
      <file href="mobile/Correct_Shape5Z8Nb1hgFIe.png" />
      <file href="mobile/Shape6PqmwOy9iP3.png" />
      <file href="mobile/Incorrect_Shape6PqmwOy9iP3.png" />
      <file href="mobile/Correct_Shape6PqmwOy9iP3.png" />
      <file href="mobile/Shape6ZZrBJXoyei.png" />
      <file href="mobile/Incorrect_Shape6ZZrBJXoyei.png" />
      <file href="mobile/Correct_Shape6ZZrBJXoyei.png" />
      <file href="mobile/Shape6ZUtQ7SCZfI.png" />
      <file href="mobile/Incorrect_Shape6ZUtQ7SCZfI.png" />
      <file href="mobile/Correct_Shape6ZUtQ7SCZfI.png" />
      <file href="mobile/Shape6a3wKGN5Jtx.png" />
      <file href="mobile/Incorrect_Shape6a3wKGN5Jtx.png" />
      <file href="mobile/Correct_Shape6a3wKGN5Jtx.png" />
      <file href="mobile/Shape65hP3ZBtd4I.png" />
      <file href="mobile/Incorrect_Shape65hP3ZBtd4I.png" />
      <file href="mobile/Correct_Shape65hP3ZBtd4I.png" />
      <file href="mobile/Shape5t2mYr9RwZK.png" />
      <file href="mobile/Incorrect_Shape5t2mYr9RwZK.png" />
      <file href="mobile/Correct_Shape5t2mYr9RwZK.png" />
      <file href="mobile/Shape5WRYgyAdb9x.png" />
      <file href="mobile/Incorrect_Shape5WRYgyAdb9x.png" />
      <file href="mobile/Correct_Shape5WRYgyAdb9x.png" />
      <file href="mobile/Shape6L6AaOhS5on.png" />
      <file href="mobile/Incorrect_Shape6L6AaOhS5on.png" />
      <file href="mobile/Correct_Shape6L6AaOhS5on.png" />
      <file href="mobile/Shape6fEJd2t7cxX.png" />
      <file href="mobile/Incorrect_Shape6fEJd2t7cxX.png" />
      <file href="mobile/Correct_Shape6fEJd2t7cxX.png" />
      <file href="mobile/Shape66v7XdJ9w30.png" />
      <file href="mobile/Incorrect_Shape66v7XdJ9w30.png" />
      <file href="mobile/Correct_Shape66v7XdJ9w30.png" />
      <file href="mobile/Shape64ouUUnc67v.png" />
      <file href="mobile/Incorrect_Shape64ouUUnc67v.png" />
      <file href="mobile/Correct_Shape64ouUUnc67v.png" />
      <file href="mobile/Shape5a6HnfNBorX.png" />
      <file href="mobile/Incorrect_Shape5a6HnfNBorX.png" />
      <file href="mobile/Correct_Shape5a6HnfNBorX.png" />
      <file href="mobile/Shape6TdyBGbBSkr.png" />
      <file href="mobile/Incorrect_Shape6TdyBGbBSkr.png" />
      <file href="mobile/Correct_Shape6TdyBGbBSkr.png" />
      <file href="mobile/Shape65jBNI86fAB.png" />
      <file href="mobile/Incorrect_Shape65jBNI86fAB.png" />
      <file href="mobile/Correct_Shape65jBNI86fAB.png" />
      <file href="mobile/Shape5jRpqPIqT5x.png" />
      <file href="mobile/Incorrect_Shape5jRpqPIqT5x.png" />
      <file href="mobile/Correct_Shape5jRpqPIqT5x.png" />
      <file href="mobile/Shape6B7KDNfb22g.png" />
      <file href="mobile/Incorrect_Shape6B7KDNfb22g.png" />
      <file href="mobile/Correct_Shape6B7KDNfb22g.png" />
      <file href="html5/data/css/output.min.css" />
      <file href="html5/data/js/5ahmS3TVl05.js" />
      <file href="html5/data/js/5aQxVOmqxiV.js" />
      <file href="html5/data/js/5hWmch0nJ9b.js" />
      <file href="html5/data/js/5n2JYFdjxw5.js" />
      <file href="html5/data/js/5o3pvHpJoEs.js" />
      <file href="html5/data/js/5sE4ceZZRm0.js" />
      <file href="html5/data/js/5ulRwyFp5AQ.js" />
      <file href="html5/data/js/5wun0BEnig7.js" />
      <file href="html5/data/js/5X1e69oQZiU.js" />
      <file href="html5/data/js/5xdBSs1PEHC.js" />
      <file href="html5/data/js/5xntphWSskn.js" />
      <file href="html5/data/js/5y7FKSgbr11.js" />
      <file href="html5/data/js/5yESl02r5wC.js" />
      <file href="html5/data/js/5ylaCV9YncT.js" />
      <file href="html5/data/js/5YoXFqLBXeu.js" />
      <file href="html5/data/js/5ZDfqby1XmP.js" />
      <file href="html5/data/js/62ux1boehTt.js" />
      <file href="html5/data/js/64hLjpo6Wno.js" />
      <file href="html5/data/js/662YryUBF4g.js" />
      <file href="html5/data/js/68jrsezlMJY.js" />
      <file href="html5/data/js/6aIOlhLYj8r.js" />
      <file href="html5/data/js/6BTBsU1YyCx.js" />
      <file href="html5/data/js/6C882Dr00qb.js" />
      <file href="html5/data/js/6EWfBK4ND2W.js" />
      <file href="html5/data/js/6FdMGIoHMBv.js" />
      <file href="html5/data/js/6fgHp32OU44.js" />
      <file href="html5/data/js/6fVWHsq9Oao.js" />
      <file href="html5/data/js/6gTn0GnwVPV.js" />
      <file href="html5/data/js/6h1xFYafzH8.js" />
      <file href="html5/data/js/6HoHQQj6SvS.js" />
      <file href="html5/data/js/6I0hSoFLDEA.js" />
      <file href="html5/data/js/6iM92uB24An.js" />
      <file href="html5/data/js/6INGVLLjRzf.js" />
      <file href="html5/data/js/6J6MalUl4DB.js" />
      <file href="html5/data/js/6KU0LYmUydh.js" />
      <file href="html5/data/js/6l85nPGdnja.js" />
      <file href="html5/data/js/6lQ00zJyeDv.js" />
      <file href="html5/data/js/6MohFBwebX4.js" />
      <file href="html5/data/js/6nJzWrw9D75.js" />
      <file href="html5/data/js/6PpClWwSn3W.js" />
      <file href="html5/data/js/6pRpP61vzYu.js" />
      <file href="html5/data/js/6QL5bACmGFG.js" />
      <file href="html5/data/js/6qnVstSIdta.js" />
      <file href="html5/data/js/6rKdaMJrA7H.js" />
      <file href="html5/data/js/6rYZYCfCE5Z.js" />
      <file href="html5/data/js/6SQkbUkxcgn.js" />
      <file href="html5/data/js/6U0vpDhWH5S.js" />
      <file href="html5/data/js/6UAZHr5UZsV.js" />
      <file href="html5/data/js/6VENei3A0Dg.js" />
      <file href="html5/data/js/data.js" />
      <file href="html5/data/js/frame.js" />
      <file href="html5/data/js/paths.js" />
      <file href="html5/lib/scripts/app.min.js" />
      <file href="html5/lib/stylesheets/main.min.css" />
      <file href="html5/lib/stylesheets/mobile-fonts/open-sans-bold.woff" />
      <file href="html5/lib/stylesheets/mobile-fonts/open-sans-light.woff" />
      <file href="html5/lib/stylesheets/mobile-fonts/open-sans-regular.woff" />
      <file href="story.html" />
      <file href="story_html5.html" />
      <file href="story_content/blank.html" />
      <file href="story_content/story.js" />
      <file href="index_lms.html" />
      <file href="index_lms_html5.html" />
      <file href="lms/AICCComm.html" />
      <file href="lms/AICCFunctions.js" />
      <file href="lms/API.js" />
      <file href="lms/APIConstants.js" />
      <file href="lms/blank.html" />
      <file href="lms/browsersniff.js" />
      <file href="lms/Configuration.js" />
      <file href="lms/goodbye.html" />
      <file href="lms/lms.js" />
      <file href="lms/LMSAPI.js" />
      <file href="lms/NONEFunctions.js" />
      <file href="lms/SCORM2004Functions.js" />
      <file href="lms/SCORMFunctions.js" />
      <file href="lms/UtilityFunctions.js" />
    </resource>
  </resources>
</manifest>